seed,eta,step,rv,trace,rho,abs_rho_error,rms_radius,penalty,objective
0,0.0,0,0.08203464429078267,0.036571844325444976,0.03719170609367286,0.6128082939063272,0.14004047277417855,0.0,0.08203464429078267
0,0.0,25,0.9853802395567518,0.24907747968214214,0.2532991318801446,0.39670086811985544,0.44589403156254037,0.0,0.9853802395567518
0,0.0,50,0.9932014051759906,0.30616902075036656,0.31135832618681347,0.33864167381318655,0.528609499657204,0.0,0.9932014051759906
0,0.0,75,0.994496611117086,0.3215392321194307,0.32698904961298036,0.32301095038701966,0.5530357754645403,0.0,0.994496611117086
0,0.0,100,0.9950845633947619,0.33402547584327746,0.3396869245863839,0.31031307541361614,0.5732954189865386,0.0,0.9950845633947619
0,0.0,125,0.9955207777328087,0.34569104302558834,0.35155021324636104,0.298449786753639,0.5926175376924564,0.0,0.9955207777328087
0,0.0,150,0.9959038520620641,0.35657211897601016,0.3626157142128917,0.28738428578710834,0.6110334905572932,0.0,0.9959038520620641
0,0.0,175,0.9963309725491744,0.3669225157673208,0.37314154145829237,0.27685845854170765,0.6289731158189655,0.0,0.9963309725491744
0,0.0,200,0.9967515160514538,0.3765567065182274,0.3829390235778584,0.2670609764221416,0.6462511437048623,0.0,0.9967515160514538
0,0.0,225,0.9969260672264922,0.38461564625402545,0.39113455551256826,0.25886544448743176,0.6609413300040806,0.0,0.9969260672264922
0,0.0,250,0.9970196188486588,0.3910086611750424,0.3976359266186872,0.25236407338131284,0.6725162752141216,0.0,0.9970196188486588
0,0.0,275,0.99708268482014,0.3961900234444623,0.4029051085875888,0.2470948914124112,0.6820286395254997,0.0,0.99708268482014
0,0.0,300,0.9971250896440597,0.4004893398038995,0.40727729471583,0.24272270528417,0.690035731949586,0.0,0.9971250896440597
0,0.0,325,0.9971544324549548,0.40406895316798586,0.410917579492867,0.23908242050713302,0.6967677587655673,0.0,0.9971544324549548
0,0.0,350,0.9971774858072219,0.40706207025790175,0.41396142738091707,0.23603857261908295,0.7024412120915805,0.0,0.9971774858072219
0,0.0,375,0.997201726630477,0.40960814368996495,0.4165506545999644,0.23344934540003565,0.7072972403741153,0.0,0.997201726630477
0,0.0,400,0.9972357395634774,0.4118036341778361,0.4187833567910198,0.23121664320898022,0.7115098584567134,0.0,0.9972357395634774
0,0.0,425,0.9972801955833904,0.4136050158505028,0.4206152703564435,0.2293847296435565,0.7149933051507541,0.0,0.9972801955833904
0,0.0,450,0.997318759668952,0.41494059739355715,0.4219734888748039,0.22802651112519612,0.7175875529586118,0.0,0.997318759668952
0,0.0,475,0.9973374786059042,0.4158867412289377,0.42293566904637736,0.22706433095362266,0.7194168386552003,0.0,0.9973374786059042
0,0.0,500,0.9973428819207358,0.4165780508419035,0.4236386957714273,0.2263613042285727,0.7207448804823429,0.0,0.9973428819207358
0,0.0,525,0.9973442546939071,0.4171001041747871,0.42416959746588523,0.2258304025341148,0.7217506439198053,0.0,0.9973442546939071
0,0.0,550,0.9973446391467744,0.4174850121794458,0.42456102933502965,0.22543897066497037,0.722498044852575,0.0,0.9973446391467744
0,0.0,575,0.9973447691307383,0.41775759793817313,0.42483823519136255,0.22516176480863748,0.7230305969812515,0.0,0.9973447691307383
0,0.0,600,0.9973448217852996,0.4179462393702151,0.425030073935812,0.22496992606418803,0.7234004883708517,0.0,0.9973448217852996
0,0.0,625,0.9973448448120575,0.4180752721819279,0.4251612937443335,0.22483870625566654,0.7236541068437855,0.0,0.9973448448120575
0,0.0,650,0.9973448549628583,0.4181625689534812,0.4252500701221843,0.22474992987781572,0.7238259484858031,0.0,0.9973448549628583
0,0.0,675,0.99734485935622,0.41822089427643017,0.425309384009929,0.224690615990071,0.7239408456083509,0.0,0.99734485935622
0,0.0,700,0.9973448612084135,0.4182593391471292,0.425348480488606,0.224651519511394,0.7240166051261145,0.0,0.9973448612084135
0,0.0,725,0.997344861967331,0.4182843196777087,0.42537388441800883,0.2246261155819912,0.7240658401554397,0.0,0.997344861967331
0,0.0,750,0.9973448622692913,0.4183003121588317,0.42539014795813396,0.22460985204186606,0.7240973630983307,0.0,0.9973448622692913
0,0.0,775,0.9973448623858906,0.41831039652052115,0.425400403241208,0.22459959675879204,0.7241172413770887,0.0,0.9973448623858906
0,0.0,800,0.9973448624295607,0.4183166580701175,0.42540677091876355,0.22459322908123647,0.72412958442898,0.0,0.9973448624295607
0,0.0,825,0.9973448624454149,0.4183204853233061,0.42541066304065034,0.22458933695934968,0.72413712898841,0.0,0.9973448624454149
0,0.0,850,0.9973448624509906,0.41832278744848184,0.4254130041848968,0.22458699581510322,0.724141667142343,0.0,0.9973448624509906
0,0.0,875,0.9973448624528889,0.4183241497222287,0.4254143895480292,0.22458561045197084,0.7241443525914558,0.0,0.9973448624528889
0,0.0,900,0.997344862453514,0.4183249424802717,0.4254151957426492,0.22458480425735083,0.7241459153598051,0.0,0.997344862453514
0,0.0,925,0.9973448624537133,0.4183253959956784,0.42541565694475775,0.22458434305524227,0.7241468093790112,0.0,0.9973448624537133
0,0.0,950,0.9973448624537743,0.41832565093586904,0.4254159162059685,0.2245840837940315,0.7241473119455866,0.0,0.9973448624537743
0,0.0,975,0.9973448624537925,0.4183257916971487,0.42541605935303256,0.22458394064696746,0.7241475894301153,0.0,0.9973448624537925
0,0.0,1000,0.9973448624537977,0.41832586799510674,0.42541613694417635,0.22458386305582367,0.7241477398373155,0.0,0.9973448624537977
0,0.0,1025,0.9973448624537993,0.4183259085734177,0.42541617821025535,0.22458382178974468,0.724147819829905,0.0,0.9973448624537993
0,0.0,1050,0.9973448624537995,0.41832592973610794,0.4254161997316352,0.22458380026836483,0.7241478615482148,0.0,0.9973448624537995
0,0.0,1075,0.9973448624537996,0.41832594055202343,0.4254162107308713,0.2245837892691287,0.7241478828697824,0.0,0.9973448624537996
0,0.0,1100,0.9973448624537996,0.41832594596532846,0.4254162162359273,0.22458378376407273,0.7241478935411079,0.0,0.9973448624537996
0,0.0,1125,0.9973448624537998,0.41832594861643607,0.4254162189319689,0.22458378106803112,0.724147898767274,0.0,0.9973448624537998
0,0.0,1150,0.9973448624537997,0.4183259498857789,0.42541622022282605,0.22458377977717398,0.7241479012695476,0.0,0.9973448624537997
0,0.0,1175,0.9973448624537996,0.41832595047937904,0.42541622082648717,0.22458377917351285,0.7241479024397203,0.0,0.9973448624537996
0,0.0,1200,0.9973448624537995,0.41832595075020956,0.4254162211019081,0.22458377889809195,0.724147902973612,0.0,0.9973448624537995
0,0.0,1225,0.9973448624537996,0.4183259508706162,0.42541622122435546,0.22458377877564456,0.7241479032109713,0.0,0.9973448624537996
0,0.0,1250,0.9973448624537996,0.418325950922704,0.42541622127732615,0.22458377872267388,0.7241479033136531,0.0,0.9973448624537996
0,0.0,1275,0.9973448624537997,0.41832595094459407,0.4254162212995872,0.2245837787004128,0.7241479033568053,0.0,0.9973448624537997
0,0.0,1300,0.9973448624537996,0.4183259509535137,0.425416221308658,0.224583778691342,0.7241479033743888,0.0,0.9973448624537996
0,0.0,1325,0.9973448624537997,0.4183259509570297,0.4254162213122336,0.2245837786877664,0.7241479033813202,0.0,0.9973448624537997
0,0.0,1350,0.9973448624537996,0.4183259509583671,0.4254162213135937,0.22458377868640633,0.7241479033839561,0.0,0.9973448624537996
0,0.0,1375,0.9973448624537997,0.4183259509588559,0.42541622131409074,0.22458377868590929,0.7241479033849199,0.0,0.9973448624537997
0,0.0,1400,0.9973448624537998,0.4183259509590273,0.4254162213142651,0.22458377868573492,0.7241479033852576,0.0,0.9973448624537998
0,0.0,1425,0.9973448624537996,0.41832595095908404,0.4254162213143228,0.22458377868567725,0.7241479033853698,0.0,0.9973448624537996
0,0.0,1450,0.9973448624537996,0.4183259509591021,0.4254162213143411,0.22458377868565893,0.7241479033854051,0.0,0.9973448624537996
0,0.0,1475,0.9973448624537996,0.41832595095910735,0.4254162213143465,0.22458377868565355,0.7241479033854156,0.0,0.9973448624537996
0,0.0,1500,0.9973448624537997,0.418325950959109,0.4254162213143482,0.22458377868565182,0.7241479033854185,0.0,0.9973448624537997
0,1.0,0,0.08203464429078267,0.036571844325444976,0.03719170609367286,0.6128082939063272,0.14004047277417855,0.1877670025401917,-0.10573235824940905
0,1.0,25,0.9865415217062016,0.3229135622384517,0.32838667346283223,0.3216133265371678,0.5544256972667838,0.05171756590315145,0.9348239558030501
0,1.0,50,0.9926945641809088,0.43060736680377665,0.4379057967496034,0.21209420325039663,0.7432691759179738,0.022491975526210278,0.9702025886546986
0,1.0,75,0.9935297181371049,0.47010872478643423,0.4780766692743399,0.17192333072566013,0.8296663944375018,0.014778815823902352,0.9787509023132025
0,1.0,100,0.9940754310752683,0.4917548225838116,0.5000896500852322,0.14991034991476782,0.8821401035783497,0.01123655650578407,0.9828388745694843
0,1.0,125,0.9942946282255148,0.5069872487304405,0.5155802529462108,0.13441974705378923,0.922243185861904,0.009034334199002346,0.9852602940265125
0,1.0,150,0.9941323303566552,0.5185742034123877,0.5273635966905638,0.12263640330943626,0.9547345161686007,0.0075198437083373515,0.9866124866483178
0,1.0,175,0.9938585080089288,0.5275821003222144,0.5365241698192011,0.11347583018079888,0.9814736874980701,0.006438382017610754,0.9874201259913181
0,1.0,200,0.9935618723232723,0.5347334923957321,0.5437967719278631,0.10620322807213689,1.0037795247611292,0.005639562826471158,0.9879223094968012
0,1.0,225,0.9932754060448461,0.5404806330547909,0.5496413217506348,0.10035867824936517,1.022475387051451,0.005035932149979804,0.9882394738948663
0,1.0,250,0.9930164939562527,0.5451241148008897,0.554363506577176,0.09563649342282399,1.0381604869287657,0.004573169437106928,0.9884433245191457
0,1.0,275,0.9927909292774975,0.5488910526449885,0.558194290825412,0.09180570917458797,1.0513265769267959,0.004214144118524513,0.988576785158973
0,1.0,300,0.9925981466963908,0.5519596002748285,0.5613148477371137,0.08868515226288631,1.0623838639921155,0.003932528115945661,0.9886656185804451
0,1.0,325,0.9924350648565825,0.5544686687099282,0.5638664427558592,0.08613355724414085,1.0716735154461159,0.0037094948417648434,0.9887255700148176
0,1.0,350,0.9922978643983404,0.5565270814292756,0.565959743826382,0.08404025617361799,1.0794810381700624,0.003531382328863667,0.9887664820694768
0,1.0,375,0.9921827620942343,0.5582206816689489,0.5676820491548633,0.08231795084513671,1.0860451824724764,0.0033881225156711724,0.9887946395785631
0,1.0,400,0.9920863265060268,0.5596175911697274,0.5691026350878584,0.08089736491214161,1.091565138662112,0.003272191824864099,0.9888141346811627
0,1.0,425,0.9920055776651436,0.5607721520538312,0.5702767648005064,0.07972323519949365,1.0962068838140422,0.0031778971153368914,0.9888276805498067
0,1.0,450,0.9919379875216789,0.5617279143272859,0.5712487264345281,0.07875127356547196,1.1001087122413207,0.0031008815440919046,0.988837105977587
0,1.0,475,0.9918814376508271,0.5625199324390742,0.5720541685821093,0.07794583141789069,1.1033860141556797,0.0030377763177131165,0.9888436613331141
0,1.0,500,0.9918341622680091,0.5631765533827183,0.5727219186942899,0.07727808130571012,1.1061353252166712,0.002985950925145976,0.9888482113428632
0,1.0,525,0.9917946903850575,0.5637208199902048,0.5732754101595304,0.07672458984046959,1.1084377001334937,0.0029433313430941486,0.9888513590419634
0,1.0,550,0.9917617934507346,0.564171574860614,0.5737338049429973,0.07626619505700272,1.1103614858221271,0.002908266254236394,0.9888535271964982
0,1.0,575,0.9917344408945259,0.5645443259186322,0.5741128738155582,0.07588712618444182,1.1119645719565647,0.002879427960266695,0.9888550129342591
0,1.0,600,0.9917117638647955,0.5648519208258427,0.5744256821957723,0.07557431780422774,1.1132961969939315,0.0028557387557872098,0.9888560251090083
0,1.0,625,0.9916930263689164,0.5651050692931195,0.5746831213150368,0.07531687868496317,1.114398386648627,0.00283631610742273,0.9888567102614937
0,1.0,650,0.9916776025871212,0.5653127462439264,0.5748943182141625,0.07510568178583754,1.1153070972951868,0.002820431718257749,0.9888571708688635
0,1.0,675,0.9916649590719424,0.5654825033190625,0.5750669525278602,0.0749330474721398,1.1160531287733562,0.0028074808017309826,0.9888574782702114
0,1.0,700,0.9916546406763441,0.5656207110759981,0.5752075027891507,0.07479249721084935,1.1166628609074354,0.002796958819517457,0.9888576818568267
0,1.0,725,0.9916462592595894,0.5657327495226532,0.5753214401925287,0.07467855980747129,1.1171588573237106,0.0027884436474590367,0.9888578156121304
0,1.0,750,0.9916394844357762,0.5658231604841241,0.5754133835431771,0.07458661645682296,1.117560370036652,0.0027815816772386085,0.9888579027585376
0,1.0,775,0.991634035823741,0.565895771825389,0.5754872255851413,0.0745127744148587,1.117883769485766,0.002776076775499808,0.9888579590482411
0,1.0,800,0.9916296764158816,0.5659538007632984,0.5755462380643712,0.0744537619356288,1.1181429175508957,0.0027716813331836415,0.988857995082698
0,1.0,825,0.991626206805291,0.5659999413561048,0.5755931607011235,0.07440683929887648,1.1183494955791056,0.002768188867224417,0.9888580179380666
0,1.0,850,0.9916234600988341,0.5660364396772283,0.5756302776378593,0.07436972236214068,1.1185132954651118,0.0027654278021109475,0.9888580322967231
0,1.0,875,0.9916212974042498,0.5660651590616905,0.5756594837915497,0.07434051620845028,1.1186424790901284,0.0027632561750694316,0.9888580412291803
0,1.0,900,0.9916196038182957,0.5660876370560037,0.5756823427688174,0.07431765723118267,1.1187438096633375,0.0027615570881657768,0.98885804673013
0,1.0,925,0.9916182848663471,0.5661051352114697,0.5757001375031895,0.07429986249681053,1.1188228574626944,0.0027602347835224746,0.9888580500828246
0,1.0,950,0.9916172633565782,0.5661186825575975,0.5757139144653534,0.07428608553464666,1.118884181911731,0.0027592112520304192,0.9888580521045478
0,1.0,975,0.9916164766178729,0.5661291134141184,0.5757245221160526,0.0742754778839474,1.1189314916773252,0.002758423307444377,0.9888580533104285
0,1.0,1000,0.9916158740927122,0.5661371001000391,0.5757326441695314,0.07426735583046862,1.1189677843972228,0.0027578200710247232,0.9888580540216875
0,1.0,1025,0.9916154152564952,0.5661431810433488,0.5757388281796768,0.07426117182032321,1.1189954676531906,0.0027573608200637846,0.9888580544364314
0,1.0,1050,0.9916150678343061,0.5661477847633235,0.5757435099288036,0.07425649007119639,1.1190164628367458,0.002757013158846847,0.9888580546754593
0,1.0,1075,0.9916148062858087,0.5661512501750969,0.5757470340763698,0.07425296592363018,1.1190322935748773,0.002756751474227896,0.9888580548115807
0,1.0,1100,0.9916146105290449,0.56615384364555,0.5757496715039492,0.07425032849605084,1.1190441603760315,0.0027565556408857303,0.9888580548881591
0,1.0,1125,0.9916144648746533,0.5661557732067242,0.5757516337695501,0.07424836623044995,1.1190530031165158,0.0027564099439455134,0.9888580549307078
0,1.0,1150,0.9916143571432824,0.566157200306639,0.5757530850575989,0.0742469149424011,1.1190595529160583,0.002756302189232068,0.9888580549540503
0,1.0,1175,0.9916142779407403,0.566158249447741,0.5757541519807535,0.0742458480192465,1.119064374854046,0.0027562229740485233,0.9888580549666918
0,1.0,1200,0.9916142200674946,0.5661590160311426,0.5757549315570942,0.07424506844290579,1.1190679028620774,0.002756165094045885,0.9888580549734487
0,1.0,1225,0.9916141780414351,0.5661595726915016,0.5757554976523745,0.07424450234762547,1.119070468001154,0.00275612306442328,0.9888580549770118
0,1.0,1250,0.9916141477151802,0.5661599743740682,0.5757559061431202,0.0742440938568798,1.1190723211997167,0.0027560927363145895,0.9888580549788656
0,1.0,1275,0.9916141259715413,0.5661602623730376,0.5757561990234281,0.0742438009765719,1.119073651397333,0.002756070991724409,0.9888580549798169
0,1.0,1300,0.991614110483019,0.56616046751979,0.5757564076472441,0.0742435923527559,1.119074599912467,0.0027560555027211003,0.9888580549802979
0,1.0,1325,0.9916140995232857,0.566160612681377,0.5757565552691969,0.07424344473080313,1.1190752717344963,0.002756044542747906,0.9888580549805378
0,1.0,1350,0.9916140918205104,0.566160714704083,0.5757566590211014,0.07424334097889862,1.1190757443319796,0.0027560368398545027,0.9888580549806559
0,1.0,1375,0.9916140864440814,0.5661607859142462,0.5757567314382165,0.07424326856178354,1.1190760744722124,0.002756031463368554,0.9888580549807129
0,1.0,1400,0.9916140827177682,0.5661608352686999,0.5757567816291863,0.07424321837081371,1.1190763034616924,0.002756027737028163,0.98885805498074
0,1.0,1425,0.9916140801536365,0.566160869230175,0.5757568161662796,0.07424318383372042,1.1190764611430293,0.0027560251728838,0.9888580549807527
0,1.0,1450,0.9916140784021336,0.5661608924284985,0.5757568397577951,0.0742431602422049,1.1190765689204958,0.0027560234213748545,0.9888580549807587
0,1.0,1475,0.9916140772146631,0.5661609081563027,0.5757568557521723,0.07424314424782774,1.1190766420329576,0.0027560222339018787,0.9888580549807612
0,1.0,1500,0.9916140764157403,0.566160918737874,0.5757568665130922,0.07424313348690781,1.1190766912483692,0.0027560214349774048,0.9888580549807628
0,10.0,0,0.08203464429078267,0.036571844325444976,0.03719170609367286,0.6128082939063272,0.14004047277417855,1.877670025401917,-1.7956353811111343
0,10.0,25,0.6689706999315406,0.4909666766687507,0.49928814576483127,0.15071185423516875,0.9201596314357552,0.11357031503501377,0.5554003848965268
0,10.0,50,0.8108804830235737,0.5790119250944157,0.588825686536694,0.06117431346330604,1.2167601693814534,0.01871148313853416,0.7921689998850395
0,10.0,75,0.9025520526812001,0.6006068447114569,0.6107866217404646,0.039213378259535414,1.3266808886211252,0.007688445172627011,0.8948636075085731
0,10.0,100,0.9254897209143769,0.6137973398148882,0.6242006845575134,0.025799315442486592,1.388998973436615,0.0033280233865046415,0.9221616975278722
0,10.0,125,0.9307666694062265,0.6231771961496577,0.6337395215081265,0.01626047849187351,1.4323622218512613,0.0013220158039234033,0.9294446536023031
0,10.0,150,0.933807019563989,0.6279556011999023,0.638598916474477,0.011401083525523048,1.4619610941218633,0.0006499235277797633,0.9331570960362092
0,10.0,175,0.9357856052388922,0.6307770701122166,0.6414682068937797,0.00853179310622032,1.4826156733853997,0.00036395746803674807,0.9354216477708555
0,10.0,200,0.9372518853982307,0.6325526496255974,0.6432738809751839,0.006726119024816124,1.4979233716660243,0.00022620338567996994,0.9370256820125507
0,10.0,225,0.9383594939691252,0.6338383574735553,0.6445813804815818,0.005418619518418266,1.510057492812667,0.00014680718742691927,0.9382126867816983
0,10.0,250,0.939236231669646,0.6347199458621912,0.6454779110462961,0.004522088953703873,1.5198888279274598,0.00010224644252605414,0.9391339852271199
0,10.0,275,0.9400248041625436,0.6353235791015276,0.6460917753574857,0.00390822464251428,1.5279656801260864,7.637109928178045e-05,0.9399484330632618
0,10.0,300,0.9407742984043775,0.6357566689681985,0.6465322057303714,0.0034677942696286213,1.5346242772081315,6.0127985482346425e-05,0.9407141704188952
0,10.0,325,0.9415052773701732,0.6360686096768227,0.6468494335696502,0.0031505664303498326,1.5399796568440551,4.963034416023637e-05,0.9414556470260129
0,10.0,350,0.9422083881116876,0.6362934715062355,0.6470781066165107,0.00292189338348936,1.5440861643790977,4.2687304722393294e-05,0.9421657008069653
0,10.0,375,0.9428602652022765,0.6363910176199573,0.6471773060541939,0.002822693945806143,1.5469509635876615,3.983800555845258e-05,0.9428204271967181
0,10.0,400,0.9435093585425991,0.6363617260738054,0.647147518041158,0.0028524819588420236,1.5486495368394144,4.0683266627595284e-05,0.9434686752759714
0,10.0,425,0.9442525512006562,0.63625980507548,0.6470438695682847,0.002956130431715276,1.5492831852500923,4.369353564656588e-05,0.9442088576650096
0,10.0,450,0.9452426435109068,0.6360861899919485,0.6468673118562189,0.0031326881437810927,1.5487656591464287,4.906867503093439e-05,0.9451935748358758
0,10.0,475,0.9469165957406724,0.6357572826862112,0.6465328298503843,0.003467170149615728,1.5467683284963398,6.010634423193038e-05,0.9468564893964405
0,10.0,500,0.9511936266022257,0.6348241048780483,0.6455838354692017,0.004416164530798294,1.5430301152277757,9.751254581540624e-05,0.9510961140564104
0,10.0,525,0.9568370168360211,0.6317396657531518,0.6424471177150697,0.00755288228493034,1.5434692937405183,0.0002852301540500772,0.9565517866819709
0,10.0,550,0.9573709873231592,0.631717654023286,0.6424247329050365,0.007575267094963478,1.5524537566583698,0.0002869233578001791,0.9570840639653589
0,10.0,575,0.9576433430515257,0.6319256082894475,0.6426362118197771,0.007363788180222874,1.562190399907909,0.00027112688181594693,0.9573722161697097
0,10.0,600,0.9578611664315471,0.6320991203438079,0.6428126647564149,0.007187335243585169,1.5717812439759031,0.00025828893951840927,0.9576028774920287
0,10.0,625,0.9580396349145188,0.6323249903525949,0.6430423630704356,0.006957636929564415,1.5812505103000047,0.00024204355821819674,0.9577975913563006
0,10.0,650,0.9581935023163444,0.6325479437819955,0.6432690953715209,0.00673090462847914,1.5904511674315753,0.00022652538558840825,0.9579669769307559
0,10.0,675,0.9583285044749659,0.6327774013614628,0.6435024420625045,0.006497557937495513,1.599359697547834,0.00021109129575555303,0.9581174131792103
0,10.0,700,0.9584495534795671,0.6330002287198562,0.643729046155786,0.0062709538442140556,1.6079317286165629,0.0001966243105813152,0.9582529291689857
0,10.0,725,0.9585596501082342,0.6332104053457912,0.6439427850974149,0.006057214902585151,1.6161504127140776,0.00018344926188050168,0.9583762008463537
0,10.0,750,0.9586610996382529,0.6334027024814112,0.6441383415065198,0.005861658493480193,1.624012899973811,0.00017179520147094033,0.9584893044367819
0,10.0,775,0.9587558487057225,0.6335746282102267,0.644313181230739,0.005686818769261026,1.6315286574849617,0.00016169953857209478,0.9585941491671504
0,10.0,800,0.958845559640812,0.6337262986699292,0.6444674223761993,0.005532577623800772,1.6387148942215084,0.00015304707581690447,0.9586925125649951
0,10.0,825,0.9589315528730703,0.6338594891814271,0.6446028703539937,0.00539712964600636,1.645591750453861,0.00014564504207900257,0.9587859078309913
0,10.0,850,0.9590148401296333,0.6339762401162939,0.6447216001182651,0.005278399881734952,1.6521786852524594,0.00013930752655749856,0.9588755326030758
0,10.0,875,0.9590962069854856,0.6340781373893427,0.6448252244637384,0.0051747755362616665,1.6584936084092903,0.00013389150925345993,0.9589623154762321
0,10.0,900,0.9591762747771148,0.634166259017453,0.6449148396787658,0.005085160321234183,1.6645537168542657,0.0001292942774632726,0.9590469804996515
0,10.0,925,0.9592555308367808,0.6342413637550122,0.6449912173779785,0.005008782622021535,1.6703765832099837,0.00012543951677332384,0.9591300913200075
0,10.0,950,0.9593343413135617,0.6343040507951314,0.6450549669103032,0.004945033089696849,1.6759808622884422,0.00012226676129098446,0.9592120745522706
0,10.0,975,0.9594129550888365,0.6343548431689123,0.6451066201717753,0.0048933798282246865,1.6813866782297304,0.00011972583071638408,0.9592932292581201
0,10.0,1000,0.9594915006567126,0.6343942247195354,0.6451466692063073,0.004853330793692767,1.6866159163476626,0.0001177740989650324,0.9593737265577476
0,10.0,1025,0.9595699756460329,0.6344226638863428,0.6451755903928911,0.004824409607108948,1.6916925752162864,0.00011637464028582712,0.9594536010057471
0,10.0,1050,0.9596482293588416,0.6344406512141908,0.6451938825907025,0.0048061174092974834,1.6966432447689077,0.00011549382275976195,0.9595327355360819
0,10.0,1075,0.9597259426459877,0.6344487766328057,0.645202145728277,0.004797854271722968,1.70149767444778,0.00011509702806345156,0.9596108456179242
0,10.0,1100,0.9598026185003521,0.6344478723667238,0.6452012261356515,0.004798773864348571,1.70628921832471,0.0001151411530057774,0.9596874773473463
0,10.0,1125,0.9598776112558303,0.634439231327992,0.645192438638636,0.0048075613613640655,1.7110546357732144,0.00011556323121640536,0.9597620480246138
0,10.0,1150,0.959950235358148,0.6344248513829317,0.6451778149656933,0.0048221850343067585,1.7158323376749085,0.00011626734252545955,0.9598339680156226
0,10.0,1175,0.9600199890726769,0.6344075407490133,0.6451602109312,0.0048397890688000045,1.7206580235853615,0.0001171177911523818,0.9599028712815245
0,10.0,1200,0.9600868917389425,0.6343906311740583,0.6451430147532796,0.004856985246720402,1.7255573653523166,0.00011795152843429897,0.9599689402105082
0,10.0,1225,0.9601518801253676,0.6343771897121365,0.6451293454699694,0.00487065453003066,1.7305371790899935,0.00011861637775454031,0.960033263747613
0,10.0,1250,0.9602170954535272,0.6343689514382624,0.6451209675643347,0.0048790324356653425,1.735578215531125,0.00011902478754137077,0.9600980706659858
0,10.0,1275,0.9602853878946681,0.6343646483570229,0.6451165915495148,0.004883408450485183,1.7406337295178054,0.00011923839047135101,0.9601661495041968
0,10.0,1300,0.9603582672553811,0.6343559588628493,0.645107754775779,0.004892245224221048,1.7456447823050227,0.00011967031666956587,0.9602385969387115
0,10.0,1325,0.9604388081645374,0.6343296987133634,0.6450810495390137,0.004918950460986338,1.7505871223214473,0.00012098036818818889,0.9603178277963492
0,10.0,1350,0.9605507895888344,0.6343008038264945,0.6450516649082995,0.004948335091700562,1.755460722437467,0.00012243010089877548,0.9604283594879357
0,10.0,1375,0.9607254683270899,0.6343215199249614,0.6450727321270795,0.004927267872920527,1.7600862054245292,0.0001213898434575756,0.9606040784836324
0,10.0,1400,0.9608632770713327,0.6343082688335817,0.6450592564409305,0.004940743559069483,1.7642885583445065,0.00012205473458243075,0.9607412223367503
0,10.0,1425,0.9609211742267022,0.6342637129132934,0.6450139453355527,0.004986054664447348,1.7686403167063747,0.0001243037055842865,0.960796870521118
0,10.0,1450,0.9609543580104299,0.6342830380977882,0.6450335980655474,0.0049664019344526356,1.7733465872336425,0.00012332574087267682,0.9608310322695572
0,10.0,1475,0.9609820887201778,0.6343088136367111,0.6450598104780113,0.004940189521988714,1.7781238485307356,0.00012202736256583501,0.9608600613576119
0,10.0,1500,0.9610075175367495,0.6343391310151615,0.6450906417103337,0.004909358289666321,1.7829533955862833,0.00012050899408157519,0.960887008542668
1,0.0,0,0.03820827705383595,0.04548598912633838,0.04625693809458141,0.6037430619054186,0.15817788546163197,0.0,0.03820827705383595
1,0.0,25,0.9847823104080594,0.24649329626573294,0.25067114874481317,0.39932885125518686,0.44160981154261736,0.0,0.9847823104080594
1,0.0,50,0.9927888198441582,0.30352729521427974,0.3086718256416404,0.3413281743583596,0.5245789151950261,0.0,0.9927888198441582
1,0.0,75,0.9943103325254087,0.31775913155065094,0.3231448795430349,0.32685512045696513,0.5473590433012543,0.0,0.9943103325254087
1,0.0,100,0.9949067396404154,0.32883848890881445,0.3344120226191334,0.31558797738086664,0.5652993674120917,0.0,0.9949067396404154
1,0.0,125,0.9953208540110914,0.33965060362021315,0.3454073935120812,0.3045926064879188,0.5831105656298736,0.0,0.9953208540110914
1,0.0,150,0.9956562847445432,0.34994133285695345,0.35587254188842726,0.29412745811157276,0.6001664165214072,0.0,0.9956562847445432
1,0.0,175,0.995941419851487,0.3594957294836092,0.3655888774409585,0.2844111225590415,0.616272600574673,0.0,0.995941419851487
1,0.0,200,0.9962036925700283,0.36826160821762205,0.3745033303908021,0.27549666960919794,0.6313680370766349,0.0,0.9962036925700283
1,0.0,225,0.9964971552840993,0.37628409996545054,0.38266179657503446,0.26733820342496556,0.6454777997528495,0.0,0.9964971552840993
1,0.0,250,0.9968189166972753,0.3836629157409345,0.39016567702467914,0.2598343229753209,0.6587868518799846,0.0,0.9968189166972753
1,0.0,275,0.9970031875663732,0.39010693779335026,0.39671891978984775,0.2532810802101523,0.670692062195621,0.0,0.9970031875663732
1,0.0,300,0.9970770740354261,0.39532403606852823,0.40202444345952026,0.24797555654047976,0.6804006752898735,0.0,0.9970770740354261
1,0.0,325,0.9971162921603559,0.3995347748140837,0.4063065506583903,0.24369344934160975,0.6882680280921887,0.0,0.9971162921603559
1,0.0,350,0.9971405224678501,0.4029205774431777,0.4097497397727231,0.2402502602272769,0.6946314621085701,0.0,0.9971405224678501
1,0.0,375,0.9971563141143885,0.4056251174778659,0.41250011946901616,0.23749988053098386,0.6997503493886833,0.0,0.9971563141143885
1,0.0,400,0.9971671851699404,0.40778343738438505,0.4146950210688662,0.23530497893113383,0.7038632769617406,0.0,0.9971671851699404
1,0.0,425,0.9971752629068145,0.409515355594684,0.4164562938251024,0.23354370617489761,0.7071816959825411,0.0,0.9971752629068145
1,0.0,450,0.9971819610024484,0.4109194852593288,0.41788422229762257,0.23211577770237746,0.7098832607420996,0.0,0.9971819610024484
1,0.0,475,0.9971883927475307,0.4120745596347862,0.4190588742048673,0.2309411257951327,0.7121123039665964,0.0,0.9971883927475307
1,0.0,500,0.9971957296420035,0.413043491949685,0.42004422910137457,0.22995577089862546,0.7139858608986914,0.0,0.9971957296420035
1,0.0,525,0.997205688347115,0.41387643578186545,0.4208912906256259,0.2291087093743741,0.7155983860872649,0.0,0.997205688347115
1,0.0,550,0.99722134295352,0.4146115702821235,0.42163888503266794,0.22836111496733208,0.7170225780353049,0.0,0.99722134295352
1,0.0,575,0.9972478553009307,0.415273672168782,0.4223122089852021,0.2276877910147979,0.7183060632559175,0.0,0.9972478553009307
1,0.0,600,0.9972882959980152,0.4158768202436125,0.4229255799087585,0.2270744200912415,0.7194736336733906,0.0,0.9972882959980152
1,0.0,625,0.9973269134681653,0.41644344064396893,0.4235018040447142,0.2264981959552858,0.7205566192594196,0.0,0.9973269134681653
1,0.0,650,0.9973422130305044,0.41698942923982796,0.42405704668457084,0.22594295331542918,0.7215799130451918,0.0,0.9973422130305044
1,0.0,675,0.9973445612747568,0.41745352378634815,0.4245290072403541,0.22547099275964594,0.7224510609438007,0.0,0.9973445612747568
1,0.0,700,0.9973447798356875,0.41777324614077627,0.4248541486177386,0.2251458513822614,0.7230625669719568,0.0,0.9973447798356875
1,0.0,725,0.9973448277969009,0.41797239336780023,0.42505667122149177,0.22494332877850826,0.7234510287986305,0.0,0.9973448277969009
1,0.0,750,0.9973448482881102,0.41809910977748493,0.4251855353669339,0.22481446463306615,0.7237008123032356,0.0,0.9973448482881102
1,0.0,775,0.9973448568015644,0.4181819654601856,0.4252697953832396,0.2247302046167604,0.7238643132715451,0.0,0.9973448568015644
1,0.0,800,0.9973448602505766,0.4182359291478921,0.42532467370972077,0.22467532629027925,0.7239706359282112,0.0,0.9973448602505766
1,0.0,825,0.9973448616179411,0.418270498506477,0.42535982898963764,0.22464017101036238,0.7240387022015081,0.0,0.9973448616179411
1,0.0,850,0.9973448621454616,0.4182922781116837,0.4253819777406953,0.22461802225930472,0.724081586955273,0.0,0.9973448621454616
1,0.0,875,0.9973448623432696,0.4183057925223549,0.4253957212091745,0.2246042787908255,0.7241082009986265,0.0,0.9973448623432696
1,0.0,900,0.9973448624153229,0.4183140573880429,0.42540412615733175,0.22459587384266827,0.7241244784300249,0.0,0.9973448624153229
1,0.0,925,0.9973448624408018,0.41831903805585535,0.4254091912432428,0.22459080875675724,0.7241342880340722,0.0,0.9973448624408018
1,0.0,950,0.9973448624495415,0.41832199428636224,0.42541219757935145,0.22458780242064857,0.7241401104792552,0.0,0.9973448624495415
1,0.0,975,0.997344862452448,0.4183237217365541,0.4254139543083601,0.22458604569163992,0.7241435127859042,0.0,0.997344862452448
1,0.0,1000,0.9973448624533844,0.4183247151407766,0.4254149645499424,0.22458503545005765,0.7241454693554056,0.0,0.9973448624533844
1,0.0,1025,0.997344862453676,0.41832527713889656,0.42541553607345417,0.22458446392654585,0.7241465762482864,0.0,0.997344862453676
1,0.0,1050,0.9973448624537642,0.41832558978577006,0.4254158540194272,0.2245841459805728,0.7241471920283717,0.0,0.9973448624537642
1,0.0,1075,0.9973448624537897,0.4183257607432216,0.42541602787446264,0.22458397212553738,0.7241475287413762,0.0,0.9973448624537897
1,0.0,1100,0.997344862453797,0.4183258525814636,0.425416121269285,0.224583878730715,0.7241477096234565,0.0,0.997344862453797
1,0.0,1125,0.9973448624537989,0.41832590102435063,0.42541617053323794,0.22458382946676209,0.7241478050352542,0.0,0.9973448624537989
1,0.0,1150,0.9973448624537995,0.41832592610026936,0.42541619603417224,0.22458380396582778,0.7241478544241106,0.0,0.9973448624537995
1,0.0,1175,0.9973448624537995,0.41832593883032276,0.4254162089799893,0.22458379102001075,0.7241478794968838,0.0,0.9973448624537995
1,0.0,1200,0.9973448624537997,0.41832594516391214,0.4254162154209276,0.2245837845790724,0.7241478919713532,0.0,0.9973448624537997
1,0.0,1225,0.9973448624537996,0.41832594824983754,0.42541621855915684,0.22458378144084318,0.7241478980493096,0.0,0.9973448624537996
1,0.0,1250,0.9973448624537996,0.41832594972103526,0.4254162200552901,0.2245837799447099,0.7241479009469417,0.0,0.9973448624537996
1,0.0,1275,0.9973448624537995,0.41832595040668197,0.42541622075255797,0.22458377924744205,0.7241479022973729,0.0,0.9973448624537995
1,0.0,1300,0.9973448624537996,0.4183259507187272,0.4254162210698921,0.22458377893010795,0.7241479029119692,0.0,0.9973448624537996
1,0.0,1325,0.9973448624537997,0.4183259508572467,0.4254162212107594,0.22458377878924063,0.7241479031847934,0.0,0.9973448624537997
1,0.0,1350,0.9973448624537998,0.41832595091714214,0.42541622127167,0.22458377872833002,0.724147903302762,0.0,0.9973448624537998
1,0.0,1375,0.9973448624537997,0.41832595094233044,0.42541622129728524,0.2245837787027148,0.7241479033523722,0.0,0.9973448624537997
1,0.0,1400,0.9973448624537996,0.41832595095261405,0.4254162213077431,0.22458377869225693,0.7241479033726265,0.0,0.9973448624537996
1,0.0,1425,0.9973448624537996,0.4183259509566816,0.4254162213118796,0.2245837786881204,0.7241479033806375,0.0,0.9973448624537996
1,0.0,1450,0.9973448624537997,0.41832595095823594,0.4254162213134603,0.22458377868653973,0.7241479033836992,0.0,0.9973448624537997
1,0.0,1475,0.9973448624537996,0.418325950958808,0.42541622131404205,0.22458377868595797,0.7241479033848264,0.0,0.9973448624537996
1,0.0,1500,0.9973448624537996,0.4183259509590102,0.42541622131424767,0.22458377868575236,0.7241479033852244,0.0,0.9973448624537996
1,1.0,0,0.03820827705383595,0.04548598912633838,0.04625693809458141,0.6037430619054186,0.15817788546163197,0.18225284239946501,-0.14404456534562907
1,1.0,25,0.9843971824529435,0.3329732259069607,0.33861683990538377,0.31138316009461625,0.5685400800607713,0.048479736195254704,0.9359174462576888
1,1.0,50,0.9913032974054647,0.4344521050181523,0.44181570001846,0.20818429998154003,0.7517254793759669,0.021670351379401927,0.9696329460260629
1,1.0,75,0.9924400151672493,0.47026833564985904,0.47823898540663634,0.17176101459336368,0.829305286672281,0.014750923067070846,0.9776890921001785
1,1.0,100,0.9931179257646378,0.4890276897701997,0.4973162946815591,0.15268370531844094,0.8757077483098658,0.011656156934884258,0.9814617688297534
1,1.0,125,0.9934568005435864,0.5029308129776473,0.5114550640450651,0.1385449359549349,0.9123295243146233,0.009597349639378512,0.9838594509042079
1,1.0,150,0.9936058975304005,0.5143505743751915,0.5230683807205337,0.12693161927946628,0.9439602240185047,0.008055817986453688,0.9855500795439468
1,1.0,175,0.9936404465915097,0.5239430692291523,0.5328234602330363,0.11717653976696374,0.9716308641589483,0.006865170735879414,0.9867752758556303
1,1.0,200,0.9934877811445595,0.5317519407763094,0.5407646855352299,0.10923531446477008,0.9951206818136921,0.005966176963108608,0.9875216041814509
1,1.0,225,0.9932614602881511,0.5379471149669574,0.5470648626782617,0.10293513732173831,1.0146512504379341,0.005297821247722558,0.9879636390404285
1,1.0,250,0.9930452988130803,0.5429002458652129,0.5521019449476742,0.09789805505232585,1.0309595966431788,0.004792014591514112,0.9882532842215662
1,1.0,275,0.9928490515828547,0.546915481415707,0.5561852353380071,0.0938147646619929,1.0446648829670524,0.004400605034292553,0.9884484465485622
1,1.0,300,0.9926720143668795,0.550196650675727,0.5595220176363326,0.09047798236366744,1.0561995927718222,0.0040931326463000605,0.9885788817205794
1,1.0,325,0.9925144791135554,0.5528896129177578,0.5622606233061944,0.0877393766938056,1.0659164035724664,0.003849099111308756,0.9886653800022467
1,1.0,350,0.99237715950804,0.5551044833723535,0.5645130339379867,0.08548696606201334,1.0741078393328654,0.0036540106832439125,0.9887231488247961
1,1.0,375,0.9922593556274578,0.5569320466400443,0.5663715728542823,0.08362842714571772,1.081027736440847,0.0034968569134333064,0.9887624987140246
1,1.0,400,0.9921590752542926,0.5584468184775198,0.5679120187906981,0.08208798120930194,1.0868896002250947,0.003369218329509354,0.9887898569247833
1,1.0,425,0.992073870123054,0.5597086512557645,0.5691952385651843,0.08080476143481574,1.0918684985785525,0.003264704735268742,0.9888091653877853
1,1.0,450,0.9920014501583359,0.5607643811052316,0.5702688621409135,0.07973113785908648,1.0961054745642782,0.003178527172152326,0.9888229229861836
1,1.0,475,0.9919398768386288,0.5616503680197147,0.5711698657827607,0.07883013421723928,1.0997140019677385,0.003107095030353981,0.9888327818082748
1,1.0,500,0.9918875471178136,0.5623951368733776,0.5719272578373332,0.0780727421626668,1.102786591302826,0.0030476765343991274,0.9888398705834145
1,1.0,525,0.9918431256641382,0.5630215052057743,0.5725642425821434,0.07743575741785658,1.1054001147620356,0.0029981482634385687,0.9888449774006997
1,1.0,550,0.9918054838079201,0.5635480923579396,0.5730997549402775,0.07690024505972248,1.107619565173538,0.0029568238451226844,0.9888486599627975
1,1.0,575,0.9917736556478811,0.5639903422622651,0.5735495006056933,0.0764504993943067,1.1095005886027507,0.0029223394288194443,0.9888513162190616
1,1.0,600,0.9917468077906728,0.564361220348877,0.57392666476157,0.07607333523843007,1.111091211390305,0.002893576167149287,0.9888532316235236
1,1.0,625,0.9917242180712444,0.5646717006387516,0.5742424074292389,0.07575759257076109,1.1124330628979375,0.002869606416058717,0.9888546116551857
1,1.0,650,0.9917052599038982,0.5649311175994031,0.5745062212875286,0.07549377871247143,1.1135622827733391,0.002849655312143804,0.9888556045917545
1,1.0,675,0.9916893901115087,0.5651474300417171,0.5747262000424241,0.07527379995757588,1.1145102295595735,0.0028330724800265726,0.9888563176314821
1,1.0,700,0.991676138915193,0.5653274270154383,0.5749092478123101,0.0750907521876899,1.1153040623794945,0.002819310532056528,0.9888568283831365
1,1.0,725,0.9916651013155554,0.5654768945291063,0.5750612486736675,0.07493875132633254,1.1159672386673092,0.0028079082251749542,0.9888571930903804
1,1.0,750,0.9916559294395226,0.5656007548059514,0.5751872082772388,0.07481279172276123,1.1165199528404406,0.00279847690267663,0.988857452536846
1,1.0,775,0.9916483256305132,0.5657031853003668,0.575291374881729,0.07470862511827103,1.1169795297511504,0.002790689333531181,0.988857636296982
1,1.0,800,0.9916420361732838,0.5657877219286258,0.5753773443341957,0.07462265566580428,1.11736078029716,0.0027842703693085943,0.9888577658039752
1,1.0,825,0.9916368456022011,0.5658573493068962,0.5754481518375216,0.0745518481624784,1.1176763230619569,0.0027789890322206167,0.9888578565699805
1,1.0,850,0.9916325715662146,0.5659145798291453,0.5755063523686224,0.07449364763137767,1.1179368741632325,0.0027746517687139306,0.9888579197975007
1,1.0,875,0.9916290602304958,0.5659615228837638,0.5755540910682344,0.07444590893176561,1.1181515068443681,0.002771096678338372,0.9888579635521574
1,1.0,900,0.9916261821928865,0.5659999452242417,0.5755931646348221,0.07440683536517789,1.1183278822544067,0.0027681885745303473,0.9888579936183561
1,1.0,925,0.9916238288881896,0.5660313233653009,0.5756250746087807,0.07437492539121937,1.1184724530224834,0.002765814763474725,0.9888580141247149
1,1.0,950,0.9916219094478823,0.5660568888037828,0.5756510733597792,0.07434892664022086,1.1185906414653615,0.002763881446276473,0.9888580280016058
1,1.0,975,0.9916203479784294,0.5660776668228842,0.5756722035486959,0.07432779645130416,1.1186869944745705,0.0027623106626532556,0.988858037315776
1,1.0,1000,0.9916190812186109,0.5660945096063777,0.575689331803096,0.07431066819690402,1.1187653172666472,0.0027610377039351784,0.9888580435146757
1,1.0,1025,0.991618056535269,0.5661081243546027,0.5757031773097655,0.07429682269023452,1.1188287882314283,0.002760008930932077,0.9888580476043369
1,1.0,1050,0.9916172302174002,0.5661190970517777,0.5757143359848587,0.07428566401514136,1.1188800570831308,0.002759179939085234,0.988858050278315
1,1.0,1075,0.991616566030346,0.5661279124841373,0.5757233008313261,0.07427669916867397,1.1189213284208128,0.0027585140196968437,0.9888580520106491
1,1.0,1100,0.9916160339945281,0.5661349710523579,0.5757304790362961,0.07426952096370387,1.1189544326567187,0.0027579808720890222,0.9888580531224391
1,1.0,1125,0.9916156093564645,0.5661406028624627,0.5757362063008096,0.07426379369919045,1.118980886091257,0.002757555527297961,0.9888580538291666
1,1.0,1150,0.9916152717233526,0.5661450795197089,0.5757407588336023,0.0742592411663977,1.1190019417184915,0.0027572174493046063,0.988858054274048
1,1.0,1175,0.9916150043361055,0.5661486239923528,0.5757443633820537,0.07425563661794632,1.1190186321493485,0.002756949784768246,0.9888580545513372
1,1.0,1200,0.9916147934591424,0.5661514188585145,0.5757472056188283,0.07425279438117172,1.1190318058512516,0.002756738736706281,0.9888580547224362
1,1.0,1225,0.991614627868459,0.5661536132008144,0.5757494371533706,0.07425056284662945,1.1190421577291645,0.002756573041520635,0.9888580548269383
1,1.0,1250,0.9916144984223053,0.5661553283707056,0.5757511813939379,0.07424881860606214,1.1190502549177272,0.0027564435321979575,0.9888580548901074
1,1.0,1275,0.9916143977013262,0.5661566628075202,0.5757525384483256,0.07424746155167439,1.1190565585187586,0.0027563427734336823,0.9888580549278925
1,1.0,1300,0.9916143197071359,0.5661576960660067,0.5757535892196679,0.07424641078033212,1.119061441902539,0.0027562647568809087,0.9888580549502549
1,1.0,1325,0.9916142596101063,0.5661584921800287,0.5757543988271479,0.07424560117285217,1.1190652060936428,0.0027562046467591154,0.9888580549633472
1,1.0,1350,0.9916142135386556,0.5661591024685546,0.5757550194595471,0.07424498054045292,1.1190680926806325,0.0027561585677261173,0.9888580549709295
1,1.0,1375,0.9916141784035525,0.5661595678723808,0.5757554927515737,0.07424450724842635,1.1190702946213664,0.0027561234282808163,0.9888580549752717
1,1.0,1400,0.9916141517518031,0.5661599208956025,0.5757558517582398,0.07424414824176018,1.1190719652597647,0.002756096774072228,0.9888580549777309
1,1.0,1425,0.9916141316455024,0.566160187214042,0.5757561225905513,0.07424387740944871,1.1190732258234948,0.0027560766663946284,0.9888580549791077
1,1.0,1450,0.991614116561756,0.5661603870031834,0.5757563257659493,0.07424367423405076,1.1190741716333532,0.0027560615818859285,0.9888580549798701
1,1.0,1475,0.9916141053103434,0.5661605360301619,0.5757564773188087,0.07424352268119128,1.1190748772225836,0.0027560503300562804,0.9888580549802871
1,1.0,1500,0.9916140969662901,0.5661606465477306,0.5757565897095566,0.07424341029044346,1.1190754005367307,0.002756041985777564,0.9888580549805125
1,10.0,0,0.03820827705383595,0.04548598912633838,0.04625693809458141,0.6037430619054186,0.15817788546163197,1.8225284239946502,-1.7843201469408143
1,10.0,25,0.47979674566307845,0.4986202990592023,0.5070714905686803,0.14292850943131974,0.9604150243068117,0.1021427940412942,0.3776539516217843
1,10.0,50,0.6588161776052335,0.5957368885719522,0.6058341239714768,0.04416587602852318,1.2815971768544587,0.009753123026834405,0.6490630545783991
1,10.0,75,0.8119401688538097,0.6270018390245136,0.6376289888384884,0.012371011161511625,1.4551210265921641,0.000765209585791226,0.8111749592680185
1,10.0,100,0.8504994859752062,0.6332163565368665,0.6439488371561354,0.006051162843864644,1.5442837237476559,0.00018308285881483725,0.8503164031163913
1,10.0,125,0.8688688030691774,0.6378361289426496,0.6486469107891353,0.001353089210864744,1.5976959296206292,9.154252062793363e-06,0.8688596488171145
1,10.0,150,0.8814579861732162,0.6381049610304267,0.6489202993529763,0.0010797006470236736,1.6382068205353764,5.828767435917002e-06,0.8814521574057803
1,10.0,175,0.8883681669664273,0.636413701463493,0.6472003743696539,0.002799625630346081,1.6758436669507735,3.918951835045488e-05,0.8883289774480768
1,10.0,200,0.8931196662143672,0.6360883215175658,0.646869479509389,0.0031305204906110218,1.7138413456619461,4.900079271067871e-05,0.8930706654216566
1,10.0,225,0.8967069258557067,0.6373989857173306,0.6482023583566073,0.001797641643392689,1.7512837507168768,1.615757739029709e-05,0.8966907682783164
1,10.0,250,0.8992844791668366,0.6386551963798233,0.649479860725244,0.0005201392747560263,1.7865700099061543,1.3527243257184682e-06,0.899283126442511
1,10.0,275,0.9012030783048627,0.6398347846568782,0.6506794420239439,0.000679442023943877,1.8196299127206006,2.308207319504849e-06,0.9012007700975432
1,10.0,300,0.9027404363839447,0.641047701614899,0.6519129168965074,0.0019129168965074106,1.8503367493274812,1.8296255264718545e-05,0.90272214012868
1,10.0,325,0.9040600866839655,0.642168861916397,0.6530530799149801,0.0030530799149800503,1.8787866905535968,4.66064848362714e-05,0.9040134801991293
1,10.0,350,0.9050935353333641,0.6431614533320995,0.6540624949139995,0.004062494913999459,1.9051990674380344,8.251932463135928e-05,0.9050110160087328
1,10.0,375,0.9058589109520244,0.644065774738211,0.6549821438015706,0.004982143801570582,1.9296532404277102,0.0001241087842976389,0.9057348021677267
1,10.0,400,0.9064731193587242,0.6449101583445063,0.6558408389944131,0.005840838994413122,1.9521970058469296,0.00017057700079328668,0.906302542357931
1,10.0,425,0.9070014619570945,0.6456506991278593,0.6565939313164671,0.006593931316467128,1.9729294083743112,0.00021739965103142905,0.9067840623060631
1,10.0,450,0.9074779873760758,0.6462862929629881,0.6572402979284625,0.00724029792846248,1.992013779007628,0.0002621095704644918,0.9072158778056113
1,10.0,475,0.9079293214712317,0.6468467700127043,0.6578102745891908,0.007810274589190813,2.009598444985073,0.0003050019457927989,0.907624319525439
1,10.0,500,0.9083772848270688,0.6473514168197555,0.6583234747319547,0.008323474731954716,2.0257858591614455,0.00034640115806744605,0.9080308836690013
1,10.0,525,0.9088335122546083,0.6477800245177754,0.6587593469672293,0.008759346967229242,2.0406457776373292,0.00038363079646153814,0.9084498814581468
1,10.0,550,0.9093106912275588,0.6480739806971275,0.659058285454706,0.009058285454705994,2.0542570807045175,0.0004102626768946873,0.9089004285506641
1,10.0,575,0.9098587508379555,0.648190873252156,0.6591771592394807,0.009177159239480703,2.066739440074441,0.00042110125853392507,0.9094376495794216
1,10.0,600,0.9106061730385675,0.6480869983915785,0.6590715237880459,0.009071523788045877,2.078213227156385,0.0004114627191854131,0.910194710319382
1,10.0,625,0.9118977503150894,0.6475516505294087,0.658527102233297,0.008527102233297001,2.0889006528774834,0.0003635573624854892,0.9115341929526039
1,10.0,650,0.9148873193440292,0.6458158990214267,0.6567619312082306,0.006761931208230543,2.1003316931989757,0.0002286185683242088,0.914658700775705
1,10.0,675,0.9406529510188227,0.6412872761841545,0.6521565520516825,0.0021565520516825254,2.1202204458853906,2.325358375808075e-05,0.9406296974350646
1,10.0,700,0.9442219037732343,0.6404173367521527,0.6512718678835452,0.0012718678835451636,2.148338692116723,8.088239565968198e-06,0.9442138155336683
1,10.0,725,0.9455054249911423,0.6407183112425239,0.651577943636465,0.001577943636465018,2.1758267602979875,1.2449530599301362e-05,0.945492975460543
1,10.0,750,0.9460421584665045,0.6411973960365476,0.6520651485117434,0.002065148511743331,2.2007722576209763,2.1324191877777855e-05,0.9460208342746268
1,10.0,775,0.9464289699556376,0.6416044564544645,0.6524791082587775,0.002479108258777507,2.2234066718612735,3.0729888793693425e-05,0.9463982400668439
1,10.0,800,0.9467415921511735,0.641969060176469,0.6528498917048838,0.0028498917048838113,2.244238759958755,4.060941364782682e-05,0.9467009827375257
1,10.0,825,0.9470030976522931,0.6422956928691287,0.6531820605448767,0.003182060544876686,2.2635518991188506,5.0627546556303e-05,0.9469524701057368
1,10.0,850,0.9472268192733607,0.6425880212828814,0.6534793436775065,0.0034793436775064635,2.2815646995111183,6.052916213102258e-05,0.9471662901112297
1,10.0,875,0.9474216951357524,0.6428513708638768,0.6537471568107222,0.00374715681072213,2.2984458062272424,7.020592082070721e-05,0.9473514892149316
1,10.0,900,0.9475940050244082,0.6430897999177417,0.6539896270349916,0.003989627034991616,2.3143261806008777,7.95856193916793e-05,0.9475144194050165
1,10.0,925,0.9477483360654662,0.6433065516254702,0.6542100525004783,0.004210052500478234,2.329311028731781,8.86227102839142e-05,0.9476597133551823
1,10.0,950,0.9478881299132064,0.6435039750133714,0.6544108220474963,0.004410822047496321,2.3434866694822656,9.727675567340019e-05,0.947790853157533
1,10.0,975,0.9480160353449828,0.6436839430843088,0.6545938404247208,0.004593840424720774,2.35692625799339,0.00010551684923899407,0.9479105184957438
1,10.0,1000,0.9481341286621551,0.643848001349397,0.6547606793383699,0.0047606793383698776,2.3696936077569593,0.00011332033881390802,0.9480208083233411
1,10.0,1025,0.9482440609411286,0.6439975015218586,0.6549127134120597,0.004912713412059677,2.3818456842319318,0.00012067376534515333,0.9481233871757834
1,10.0,1050,0.9483471583690257,0.644133681040331,0.6550512010579638,0.00505120105796375,2.3934341530178385,0.00012757316063986843,0.9482195852083859
1,10.0,1075,0.9484444923476668,0.6442576991502528,0.6551773211697486,0.005177321169748561,2.4045063061926344,0.0001340232724736344,0.9483104690751932
1,10.0,1100,0.9485369303702859,0.6443706542044688,0.655292190716409,0.005292190716408962,2.4151056289229986,0.00014003641289422663,0.9483968939573917
1,10.0,1125,0.9486251743477147,0.6444735922916129,0.6553968735168946,0.005396873516894551,2.425272167654855,0.0001456312187867872,0.9484795431289279
1,10.0,1150,0.9487097908218957,0.644567514476436,0.6554923876031553,0.005492387603155291,2.435042787420239,0.00015083160791646845,0.9485589592139791
1,10.0,1175,0.9487912360029195,0.6446533845985077,0.6555797131510248,0.00557971315102479,2.444451353490053,0.00015566599423859695,0.9486355700086809
1,10.0,1200,0.9488698776058047,0.6447321366470837,0.6556597999800852,0.005659799980085145,2.453528844417413,0.0001601666790728597,0.9487097109267318
1,10.0,1225,0.9489460147319849,0.6448046792231081,0.6557335720912965,0.005733572091296435,2.4623033946825386,0.0001643692446304657,0.9487816454873544
1,10.0,1250,0.9490198963898209,0.6448718942649351,0.6558019263711204,0.005801926371120425,2.4708002704247747,0.0001683117480795129,0.9488515846417414
1,10.0,1275,0.9490917386523338,0.6449346279042122,0.6558657232924192,0.005865723292419189,2.479041796266732,0.0001720335487161445,0.9489197051036176
1,10.0,1300,0.949161739992329,0.6449936729539312,0.6559257691056928,0.0059257691056927575,2.4870472698364763,0.00017557369746991184,0.9489861662948591
1,10.0,1325,0.9492300941559525,0.6450497448886015,0.6559827914121371,0.0059827914121370895,2.4948329169511383,0.00017896896540570563,0.9490511251905468
1,10.0,1350,0.9492970001305459,0.6451034556802141,0.65603741255615,0.006037412556149979,2.5024119472756676,0.0001822517518657846,0.94911474837868
1,10.0,1375,0.9493626692659253,0.645155291588392,0.6560901270390428,0.00609012703904277,2.5097947615609786,0.00018544823675839742,0.9491772210291669
1,10.0,1400,0.9494273301518189,0.6452056010581826,0.6561412892117111,0.006141289211711087,2.516989335915831,0.00018857716590939643,0.9492387529859095
1,10.0,1425,0.9494912320582669,0.6452545969054001,0.6561911154970171,0.006191115497017119,2.5240017718660206,0.0001916495554870239,0.9492995825027799
1,10.0,1450,0.949554647288396,0.645302373565164,0.6562397019306753,0.0062397019306752455,2.530836965555711,0.00019466940091836005,0.9493599778874776
1,10.0,1475,0.9496178714932243,0.6453489367302608,0.6562870543019602,0.006287054301960193,2.5374993293511596,0.00019763525897897993,0.9494202362342453
1,10.0,1500,0.9496812186812751,0.6453942406884648,0.6563331261238626,0.006333126123862609,2.5439935037395633,0.00020054243250375233,0.9494806762487713
2,0.0,0,0.051288648611534114,0.03201657762797488,0.032559231486076146,0.6174407685139238,0.13062004273270092,0.0,0.051288648611534114
2,0.0,25,0.9779796475984062,0.2584847231326625,0.26286582013491105,0.38713417986508897,0.45855047525931714,0.0,0.9779796475984062
2,0.0,50,0.9924340645654746,0.3150502775878795,0.3203901128012334,0.3296098871987666,0.5424927097616676,0.0,0.9924340645654746
2,0.0,75,0.9946412157221415,0.32841844633467165,0.33398486067932714,0.3160151393206729,0.5640770487097726,0.0,0.9946412157221415
2,0.0,100,0.9952911986916224,0.338422879111238,0.34415886011312335,0.30584113988687667,0.5808343241925629,0.0,0.9952911986916224
2,0.0,125,0.9957452191761792,0.3493010067062232,0.35522136275209143,0.2947786372479086,0.5991259405690387,0.0,0.9957452191761792
2,0.0,150,0.996362724638096,0.36065374077662865,0.36676651604402916,0.28323348395597087,0.6187870785368581,0.0,0.996362724638096
2,0.0,175,0.9966753975087735,0.3710727088316447,0.3773620767779438,0.2726379232220562,0.6373515142576683,0.0,0.9966753975087735
2,0.0,200,0.9968374997595876,0.37875018768802343,0.38516968239460014,0.2648303176053999,0.6506028017435513,0.0,0.9968374997595876
2,0.0,225,0.9969509802559834,0.3854659555356013,0.39199927681586577,0.25800072318413425,0.6625774421076454,0.0,0.9969509802559834
2,0.0,250,0.997031274529438,0.3912342917004155,0.39786538139025307,0.25213461860974695,0.6730153032020009,0.0,0.997031274529438
2,0.0,275,0.9970868081281501,0.39608843216059947,0.4028017954175588,0.24719820458244124,0.6819167882202709,0.0,0.9970868081281501
2,0.0,300,0.9971245256034226,0.400156461290379,0.4069387741936058,0.24306122580639422,0.6894680011115774,0.0,0.9971245256034226
2,0.0,325,0.9971503853306992,0.40353934681203585,0.4103789967580026,0.23962100324199742,0.6958105845316702,0.0,0.9971503853306992
2,0.0,350,0.9971694618413189,0.4063524310135641,0.4132397603527771,0.23676023964722293,0.7011295840991775,0.0,0.9971694618413189
2,0.0,375,0.9971865044579105,0.40871278164652536,0.41564011692866987,0.23435988307133016,0.705622876575325,0.0,0.9971865044579105
2,0.0,400,0.9972077335427656,0.4107392747216123,0.4177009573440125,0.2322990426559875,0.7095007052712147,0.0,0.9972077335427656
2,0.0,425,0.9972434819240859,0.4125419849148847,0.4195342219473404,0.2304657780526596,0.7129664045145275,0.0,0.9972434819240859
2,0.0,450,0.9972983662903447,0.41417338596604414,0.4211932738637737,0.22880672613622632,0.7161225315952172,0.0,0.9972983662903447
2,0.0,475,0.9973365515532173,0.4155240186409929,0.4225667986179589,0.2274332013820411,0.718731955393178,0.0,0.9973365515532173
2,0.0,500,0.9973436230139423,0.4164301702846508,0.4234883087640517,0.22651169123594833,0.7204515129334929,0.0,0.9973436230139423
2,0.0,525,0.9973443784205124,0.4170001259172013,0.4240679246615607,0.22593207533843934,0.721543581381787,0.0,0.9973443784205124
2,0.0,550,0.9973446266086313,0.4173972791015562,0.4244718092558199,0.22552819074418012,0.7223213755117316,0.0,0.9973446266086313
2,0.0,575,0.9973447485573399,0.4176802531539448,0.42475957947858795,0.22524042052141208,0.7228778650308242,0.0,0.9973447485573399
2,0.0,600,0.9973448086123708,0.41788122903271313,0.42496396172818285,0.22503603827181717,0.7232730590131904,0.0,0.9973448086123708
2,0.0,625,0.9973448375877094,0.4180235629819573,0.4251087081172447,0.2248912918827553,0.723552954022087,0.0,0.9973448375877094
2,0.0,650,0.9973448512508015,0.4181229731987386,0.42520980325295454,0.22479019674704548,0.7237484821944722,0.0,0.9973448512508015
2,0.0,675,0.9973448575327365,0.4181914284532844,0.42527941876605196,0.22472058123394806,0.723883157078835,0.0,0.9973448575327365
2,0.0,700,0.997344860347212,0.4182379393907187,0.4253267180244597,0.22467328197554032,0.7239746794847999,0.0,0.997344860347212
2,0.0,725,0.9973448615753995,0.4182691193119109,0.4253584264188925,0.22464157358110753,0.724036042238345,0.0,0.9973448615753995
2,0.0,750,0.9973448620971914,0.41828973994465946,0.425379396553891,0.224620603446109,0.7240766273504406,0.0,0.9973448620971914
2,0.0,775,0.9973448623129151,0.4183031906818137,0.4253930752696411,0.22460692473035893,0.7241031022058892,0.0,0.9973448623129151
2,0.0,800,0.9973448623996636,0.41831184221542617,0.4254018734394165,0.22459812656058353,0.7241201314480256,0.0,0.9973448623996636
2,0.0,825,0.9973448624335777,0.41831732797891563,0.42540745218194814,0.22459254781805188,0.7241309295885598,0.0,0.9973448624335777
2,0.0,850,0.9973448624464607,0.41832075625294335,0.42541093856231527,0.22458906143768476,0.7241376778766367,0.0,0.9973448624464607
2,0.0,875,0.9973448624512135,0.4183228672960539,0.4254130853858175,0.2245869146141825,0.7241418333350833,0.0,0.9973448624512135
2,0.0,900,0.9973448624529153,0.41832414779939653,0.42541438759260664,0.2245856124073934,0.7241443539404907,0.0,0.9973448624529153
2,0.0,925,0.9973448624535063,0.41832491268494953,0.4254151654423216,0.22458483455767841,0.7241458595834441,0.0,0.9973448624535063
2,0.0,950,0.9973448624537055,0.4183253624694773,0.4254156228503159,0.2245843771496841,0.7241467449658334,0.0,0.9973448624537055
2,0.0,975,0.9973448624537703,0.4183256227574261,0.4254158875499248,0.2245841124500752,0.7241472573325539,0.0,0.9973448624537703
2,0.0,1000,0.9973448624537906,0.41832577093486123,0.42541603823884194,0.22458396176115808,0.7241475490142678,0.0,0.9973448624537906
2,0.0,1025,0.997344862453797,0.41832585388404225,0.4254161225939413,0.22458387740605873,0.7241477122966735,0.0,0.997344862453797
2,0.0,1050,0.9973448624537989,0.41832589952481464,0.4254161690082861,0.22458383099171392,0.7241478021388702,0.0,0.9973448624537989
2,0.0,1075,0.9973448624537994,0.4183259241964133,0.42541619409804743,0.2245838059019526,0.724147850704018,0.0,0.9973448624537994
2,0.0,1100,0.9973448624537994,0.41832593729183537,0.4254162074154258,0.22458379258457423,0.7241478764818831,0.0,0.9973448624537994
2,0.0,1125,0.9973448624537996,0.41832594411324076,0.42541621435244825,0.22458378564755177,0.7241478899095738,0.0,0.9973448624537996
2,0.0,1150,0.9973448624537997,0.41832594759815345,0.42541621789642725,0.22458378210357277,0.7241478967694985,0.0,0.9973448624537997
2,0.0,1175,0.9973448624537995,0.4183259493430879,0.4254162196709369,0.22458378032906312,0.7241479002043395,0.0,0.9973448624537995
2,0.0,1200,0.9973448624537996,0.41832595019876895,0.425416220541121,0.22458377945887903,0.7241479018887168,0.0,0.9973448624537996
2,0.0,1225,0.9973448624537997,0.4183259506093811,0.4254162209586927,0.22458377904130733,0.7241479026969919,0.0,0.9973448624537997
2,0.0,1250,0.9973448624537996,0.41832595080201834,0.42541622115459493,0.2245837788454051,0.7241479030761917,0.0,0.9973448624537996
2,0.0,1275,0.9973448624537996,0.41832595089028457,0.42541622124435724,0.22458377875564278,0.7241479032499405,0.0,0.9973448624537996
2,0.0,1300,0.9973448624537996,0.4183259509297385,0.42541622128447987,0.22458377871552015,0.724147903327604,0.0,0.9973448624537996
2,0.0,1325,0.9973448624537996,0.41832595094692004,0.4254162213019526,0.2245837786980474,0.7241479033614252,0.0,0.9973448624537996
2,0.0,1350,0.9973448624537996,0.4183259509541985,0.4254162213093544,0.2245837786906456,0.7241479033757531,0.0,0.9973448624537996
2,0.0,1375,0.9973448624537997,0.41832595095719305,0.42541622131239976,0.22458377868760027,0.7241479033816474,0.0,0.9973448624537997
2,0.0,1400,0.9973448624537996,0.4183259509583868,0.42541622131361373,0.2245837786863863,0.7241479033839973,0.0,0.9973448624537996
2,0.0,1425,0.9973448624537997,0.418325950958847,0.42541622131408174,0.22458377868591828,0.724147903384903,0.0,0.9973448624537997
2,0.0,1450,0.9973448624537996,0.418325950959018,0.4254162213142556,0.22458377868574442,0.7241479033852394,0.0,0.9973448624537996
2,0.0,1475,0.9973448624537997,0.4183259509590787,0.42541622131431733,0.2245837786856827,0.7241479033853595,0.0,0.9973448624537997
2,0.0,1500,0.9973448624537996,0.41832595095909964,0.42541622131433865,0.22458377868566137,0.7241479033854005,0.0,0.9973448624537996
2,1.0,0,0.051288648611534114,0.03201657762797488,0.032559231486076146,0.6174407685139238,0.13062004273270092,0.1906165513115325,-0.13932790269999837
2,1.0,25,0.9758343881322367,0.3258921890623815,0.33141578548716766,0.31858421451283236,0.5609617844907588,0.0507479508683792,0.9250864372638574
2,1.0,50,0.9891449290183781,0.43439072877889806,0.44175328350396414,0.20824671649603588,0.7527244925697862,0.02168334746569017,0.967461581552688
2,1.0,75,0.9927216915592025,0.4712453670475583,0.4792325766585339,0.1707674233414661,0.8319209571137957,0.014580756437341753,0.9781409351218607
2,1.0,100,0.9939097252468291,0.49078649236563154,0.49910490749047276,0.15089509250952726,0.8803152522744737,0.01138466447172939,0.9825250607750997
2,1.0,125,0.9943150476059721,0.5047510239965777,0.5133061260982146,0.13669387390178545,0.9167697663079728,0.009342607581138604,0.9849724400248335
2,1.0,150,0.994257933526168,0.5162353982282546,0.5249851507405979,0.1250148492594021,0.9484022096330917,0.007814356267675515,0.9864435772584925
2,1.0,175,0.9940221821662799,0.5255536004888499,0.5344612886327288,0.11553871136727123,0.9756731926956342,0.00667459691220481,0.9873475852540751
2,1.0,200,0.9937052069332935,0.5330103990649322,0.5420444736253548,0.10795552637464523,0.9985555525587718,0.00582719783741336,0.9878780090958801
2,1.0,225,0.9933935948715235,0.5389724298689841,0.5481075557989669,0.10189244420103316,1.017676148572602,0.005191035092630325,0.9882025597788932
2,1.0,250,0.9931195258305162,0.5437514715745629,0.5529675982114199,0.09703240178858008,1.0336249948394383,0.0047076434984302164,0.988411882332086
2,1.0,275,0.9928846548128042,0.5476167107419321,0.5568983499070496,0.09310165009295046,1.0469858069212554,0.004333958625015088,0.9885506961877891
2,1.0,300,0.9926850910958647,0.5507704124503234,0.5601055041867696,0.08989449581323039,1.0582307113814493,0.0040405101887574495,0.9886445809071073
2,1.0,325,0.9925159955574624,0.5533627969803047,0.562741827437598,0.08725817256240198,1.0677298703514084,0.0038069943394649654,0.9887090012179974
2,1.0,350,0.9923728397559755,0.5555061720919525,0.5649215309409686,0.08507846905903138,1.0757751599761372,0.0036191729487142755,0.9887536668072612
2,1.0,375,0.9922516381164476,0.5572864761506978,0.5667320096447774,0.08326799035522259,1.0826011452400666,0.003466779108898718,0.9887848590075489
2,1.0,400,0.9921489906959315,0.5587705372649082,0.5682412243371948,0.0817587756628052,1.088398744908134,0.003342248698940454,0.988806741996991
2,1.0,425,0.9920620419587217,0.5600109560101582,0.5695026671289745,0.08049733287102556,1.0933247358867768,0.003239910299674349,0.9888221316590474
2,1.0,450,0.9919884062751485,0.561049589916971,0.5705589050003095,0.07944109499969054,1.0975090204744036,0.003155443787374929,0.9888329624877735
2,1.0,475,0.9919260883716218,0.5619201084959421,0.5714441781314665,0.07855582186853349,1.1010601916442362,0.0030855085747203796,0.9888405797969014
2,1.0,500,0.9918734134462307,0.5626498623794302,0.5721863007248442,0.0778136992751558,1.1040697461896185,0.0030274858974421886,0.9888459275487885
2,1.0,525,0.9918289679294868,0.5632612837096951,0.5728080851285035,0.07719191487149657,1.1066153441727413,0.0029792958607641833,0.9888496720687227
2,1.0,550,0.9917915511598786,0.5637729433591183,0.5733284169753746,0.0766715830246254,1.1087633435634443,0.0029392658217510157,0.9888522853381276
2,1.0,575,0.991760137145889,0.5642003488646098,0.5737630666419761,0.07623693335802395,1.1105707660867066,0.002906035003917891,0.9888541021419711
2,1.0,600,0.9917338447189828,0.5645565477466782,0.574125302793232,0.07587469720676798,1.112086824662051,0.00287848483810936,0.9888553598808735
2,1.0,625,0.9917119143127141,0.5648525853394106,0.574426357972282,0.07557364202771799,1.1133541173611332,0.0028556876846668323,0.9888562266280473
2,1.0,650,0.9916936897929013,0.5650978546089127,0.5746757843480469,0.07532421565195313,1.1144095709664945,0.0028368687317909735,0.9888568210611103
2,1.0,675,0.9916786040351506,0.5653003665337453,0.574881728678385,0.07511827132161497,1.115285199113183,0.0028213773431738816,0.9888572266919767
2,1.0,700,0.9916661672362995,0.5654669624883135,0.5750511482932003,0.07494885170679977,1.1160087243967698,0.002808665186083934,0.9888575020502156
2,1.0,725,0.9916559572072975,0.5656034844296219,0.5751899841657172,0.07481001583428282,1.116604100877626,0.002798269234562819,0.9888576879727347
2,1.0,750,0.9916476111106763,0.5657149142955412,0.5753033026734318,0.07469669732656825,1.1170919630263958,0.002789798295748474,0.9888578128149279
2,1.0,775,0.9916408182732114,0.5658054906825694,0.5753954142534604,0.07460458574653961,1.1174900191398756,0.0027829221072063924,0.988857896166005
2,1.0,800,0.9916353138279314,0.565878808400397,0.5754699746444715,0.07453002535552855,1.1178134013201222,0.002777362339747862,0.9888579514881835
2,1.0,825,0.991630873026485,0.5659379047261688,0.5755300726028836,0.07446992739711644,1.1180749798995397,0.0027728850432659005,0.9888579879832191
2,1.0,850,0.9916273061210306,0.5659853349456699,0.5755783067244101,0.0744216932755899,1.1182856473478031,0.0027692942150029905,0.9888580119060276
2,1.0,875,0.9916244537516229,0.5660232389358604,0.5756168531551122,0.07438314684488778,1.1184545748769372,0.0027664262672740677,0.9888580274843488
2,1.0,900,0.991622182796814,0.5660534000014545,0.575647525425208,0.074352474574792,1.1185894438803627,0.0027641452376975443,0.9888580375591165
2,1.0,925,0.9916203826567535,0.5660772968396783,0.5756718272945882,0.07432817270541181,1.1186966537669263,0.002762338628862766,0.9888580440278907
2,1.0,950,0.9916189619432093,0.5660961493052147,0.5756909992934387,0.07430900070656132,1.1187815075021255,0.0027609137930038664,0.9888580481502054
2,1.0,975,0.991617845552289,0.5661109585329347,0.5757060595250184,0.07429394047498161,1.1188483761133605,0.002759794795650059,0.988858050756639
2,1.0,1000,0.9916169720950989,0.566122541914676,0.5757178392352638,0.07428216076473626,1.1189008434605494,0.0027589197039390593,0.9888580523911599
2,1.0,1025,0.9916162916602523,0.5661315633944757,0.5757270136215007,0.07427298637849933,1.1189418326550882,0.0027582382527903716,0.9888580534074619
2,1.0,1050,0.991615763880912,0.5661385595287731,0.5757341283343456,0.07426587166565446,1.1189737155894994,0.002757709847129728,0.9888580540337822
2,1.0,1075,0.9916153562781753,0.5661439617445752,0.5757396221131273,0.07426037788687267,1.1189984070949666,0.0027573018619505675,0.9888580544162248
2,1.0,1100,0.9916150428524254,0.5661481152140273,0.5757438459803668,0.07425615401963326,1.1190174452640924,0.002756988204893747,0.9888580546475316
2,1.0,1125,0.9916148028946987,0.5661512947456264,0.5757470794023319,0.07425292059766808,1.119032059459656,0.0027567481086417972,0.9888580547860569
2,1.0,1150,0.9916146199911487,0.5661537180697854,0.5757495437997818,0.0742504562002182,1.1190432274798952,0.002756565122970261,0.9888580548681785
2,1.0,1175,0.9916144811952277,0.5661555568699295,0.57575141376603,0.07424858623397002,1.1190517232728097,0.002756426278871642,0.988858054916356
2,1.0,1200,0.9916143763440929,0.5661569458807951,0.5757528263194527,0.07424717368054734,1.119058156493245,0.0027563213997746795,0.9888580549443182
2,1.0,1225,0.9916142974978626,0.5661579903443321,0.5757538884857615,0.07424611151423854,1.119063005084259,0.0027562425374923704,0.9888580549603702
2,1.0,1250,0.99161423848258,0.5661587720817632,0.5757546834729796,0.07424531652702038,1.119066641945054,0.002756183513098727,0.9888580549694813
2,1.0,1275,0.9916141945199968,0.5661593544090492,0.5757552756702196,0.07424472432978046,1.1190693566271546,0.002756139545402549,0.9888580549745942
2,1.0,1300,0.9916141619294415,0.5661597860930851,0.5757557146709341,0.0742442853290659,1.1190713728829378,0.0027561069520118785,0.9888580549774296
2,1.0,1325,0.9916141378891147,0.5661601045180591,0.5757560384929414,0.07424396150705859,1.119072862779336,0.002756082910130796,0.9888580549789839
2,1.0,1350,0.9916141202460028,0.5661603382059496,0.5757562761416437,0.07424372385835631,1.1190739579867002,0.0027560652661779363,0.9888580549798249
2,1.0,1375,0.9916141073653287,0.5661605088123346,0.5757564496396623,0.0742435503603377,1.1190747587597487,0.0027560523850539997,0.9888580549802747
2,1.0,1400,0.9916140980119246,0.5661606326985891,0.5757565756256838,0.07424342437431619,1.1190753410447087,0.002756043031412404,0.9888580549805122
2,1.0,1425,0.9916140912572459,0.5661607221641053,0.5757566666075647,0.07424333339243527,1.1190757620742318,0.0027560362766101488,0.9888580549806357
2,1.0,1450,0.99161408640685,0.5661607864071919,0.5757567319395173,0.07424326806048276,1.1190760647489255,0.0027560314261503515,0.9888580549806997
2,1.0,1475,0.9916140829441188,0.5661608322706375,0.5757567785803094,0.07424322141969064,1.1190762810507613,0.002756027963386607,0.9888580549807322
2,1.0,1500,0.9916140804868129,0.5661608648172758,0.5757568116785856,0.07424318832141441,1.1190764346882707,0.0027560255060645055,0.9888580549807484
2,10.0,0,0.051288648611534114,0.03201657762797488,0.032559231486076146,0.6174407685139238,0.13062004273270092,1.9061655131153248,-1.8548768645037907
2,10.0,25,0.6766781801692949,0.45981506337020067,0.46760853902054306,0.18239146097945697,0.8855756679670095,0.1663332251911038,0.5103449549781911
2,10.0,50,0.7315536386666932,0.5704858302645108,0.5801550816249263,0.06984491837507367,1.2085861366311283,0.024391563114103558,0.7071620755525897
2,10.0,75,0.7893718669847721,0.6095772814076847,0.6199090997366286,0.030090900263371467,1.3567767669532462,0.004527311393300836,0.7848445555914713
2,10.0,100,0.8248111547006406,0.6257390892833568,0.6363448365593459,0.013655163440654094,1.4410014262264548,0.0009323174429548875,0.8238788372576857
2,10.0,125,0.856457716569196,0.6288301387054849,0.6394882766496457,0.01051172335035433,1.491928527156622,0.0005524816389719252,0.8559052349302241
2,10.0,150,0.891608223972553,0.6271057029489575,0.6377346131684314,0.012265386831568637,1.5330200893302386,0.0007521985706400856,0.8908560254019129
2,10.0,175,0.9186457004202231,0.626932876258748,0.6375588572122862,0.0124411427877138,1.5654182244237922,0.0007739101693214205,0.9178717902509017
2,10.0,200,0.9353494395348649,0.6287552812625122,0.6394121504364532,0.010587849563546858,1.5887774844765736,0.0005605127919014988,0.9347889267429634
2,10.0,225,0.9432768313259867,0.6311295235466815,0.6418266341152694,0.00817336588473061,1.6069668942668434,0.0003340195494283957,0.9429428117765584
2,10.0,250,0.9467388668378313,0.6349497221757131,0.6457115818736066,0.004288418126393467,1.6172228144168646,9.19526501338994e-05,0.9466469141876973
2,10.0,275,0.9523764306302952,0.6365228408703439,0.64731136359696,0.002688636403040068,1.6169591757896216,3.614382853876076e-05,0.9523402868017564
2,10.0,300,0.9643407658587437,0.6346664523999602,0.6454235109152138,0.0045764890847862505,1.6121297646329211,0.00010472126171583649,0.9642360445970279
2,10.0,325,0.9724123276405969,0.631979855480807,0.6426913784550581,0.00730862154494194,1.6112262269597541,0.000267079744435951,0.972145247896161
2,10.0,350,0.9756630551077426,0.6304216927787217,0.6411068062156493,0.008893193784350717,1.6182950759723465,0.0003954444784300764,0.9752676106293126
2,10.0,375,0.976281378148034,0.6324029979347305,0.6431216928149802,0.006878307185019805,1.629024622405558,0.00023655554865747408,0.9760448225993765
2,10.0,400,0.9767228633204834,0.6330226905086223,0.6437518886528363,0.006248111347163743,1.6360436990551765,0.00019519447703278536,0.9765276688434507
2,10.0,425,0.9770175264476267,0.6329819170498816,0.6437104241185237,0.0062895758814762726,1.6415930848675024,0.0001977938238442437,0.9768197326237825
2,10.0,450,0.9771995473631253,0.6331357417966369,0.6438668560643765,0.006133143935623475,1.6471308575901626,0.00018807727267537586,0.97701147009045
2,10.0,475,0.977323105008429,0.6332057332287513,0.6439380337919505,0.006061966208049552,1.6521821589597327,0.00018373717153767207,0.9771393678368914
2,10.0,500,0.9774127592026268,0.6332609208697397,0.6439941568166845,0.00600584318331554,1.6569289049564564,0.0001803507617128877,0.977232408440914
2,10.0,525,0.9774823507401806,0.6333018072539659,0.6440357361904738,0.0059642638095261935,1.661507868981634,0.00017786221394811984,0.9773044885262325
2,10.0,550,0.9775391598075654,0.6333406361545573,0.6440752232080244,0.005924776791975672,1.6660104860197147,0.00017551490017366655,0.9773636449073918
2,10.0,575,0.977587240122281,0.6333840009805549,0.6441193230310728,0.005880676968927245,1.6704762905672899,0.0001729118080643538,0.9774143283142167
2,10.0,600,0.9776288731531061,0.6334328699581094,0.6441690202963825,0.005830979703617567,1.6749103459100894,0.00017000162151999717,0.9774588715315861
2,10.0,625,0.977665542371399,0.6334855414659282,0.644222584541622,0.005777415458378066,1.6793025847958092,0.00016689264689353264,0.9774986497245055
2,10.0,650,0.9776983094920686,0.6335399734193721,0.6442779390705479,0.005722060929452155,1.6836408490371435,0.00016370990640181257,0.9775345995856668
2,10.0,675,0.9777279703159335,0.6335944041126803,0.64433329231798,0.005666707682020045,1.6879157681158614,0.00016055787976732345,0.9775674124361662
2,10.0,700,0.9777551249788763,0.633647584125403,0.6443873736868505,0.005612626313149516,1.6921220930197647,0.0001575078706552895,0.977597617108221
2,10.0,725,0.9777802254898196,0.6336987625265362,0.6444394195185115,0.005560580481488553,1.6962582989523631,0.0001546002764555585,0.977625625213364
2,10.0,750,0.9778036131342193,0.6337475715983936,0.6444890558627732,0.005510944137226859,1.7003256203757169,0.00015185252641817637,0.9776517606078011
2,10.0,775,0.9778255473556984,0.6337939050620822,0.6445361746394057,0.00546382536059431,1.7043270860953488,0.00014926693785536976,0.977676280417843
2,10.0,800,0.9778462274193892,0.6338378207794841,0.6445808346910008,0.005419165308999219,1.7082667453026743,0.00014683676323130055,0.9776993906561579
2,10.0,825,0.9778658083400517,0.6338794718731376,0.6446231917353943,0.005376808264605737,1.7121491071932433,0.000144550335571665,0.97772125800448
2,10.0,850,0.9778844125359876,0.633919060048049,0.644663450896321,0.005336549103678978,1.7159787600018406,0.00014239378167988512,0.9777420187543077
2,10.0,875,0.9779021383261093,0.6339568051267582,0.644701835722127,0.0052981642778729965,1.7197601268702356,0.00014035272357664676,0.9777617856025327
2,10.0,900,0.9779190661071345,0.6339929260346672,0.6447385688488141,0.005261431151185936,1.7234973206989779,0.0001384132887933481,0.9777806528183411
2,10.0,925,0.9779352628384312,0.634027629578201,0.6447738605880011,0.005226139411998898,1.7271940677682158,0.00013656266576824377,0.977798700172663
2,10.0,950,0.9779507852977397,0.6340611043818812,0.6448079027612352,0.005192097238764792,1.7308536775612138,0.00013478936868394734,0.9778159959290558
2,10.0,975,0.9779656824462019,0.6340935181677355,0.6448408659332904,0.0051591340667096475,1.7344790426314824,0.00013308332159141974,0.9778325991246104
2,10.0,1000,0.9779799971487974,0.634125017153543,0.6448728988002133,0.0051271011997867655,1.7380726572203822,0.00013143583356427647,0.9778485613152331
2,10.0,1025,0.9779937674290219,0.6341557267539465,0.6449041289023185,0.005095871097681504,1.741636646841157,0.0001298395112209297,0.977863927917801
2,10.0,1050,0.9780070273877325,0.6341857530417331,0.644934664110237,0.00506533588976299,1.745172803516957,0.00012828813838060377,0.9778787392493519
2,10.0,1075,0.9780198078805425,0.6342151846088029,0.6449645945174267,0.0050354054825733074,1.7486826230893342,0.00012677654186964786,0.9778930313386729
2,10.0,1100,0.9780321370221999,0.6342440945884701,0.6449939944967493,0.005006005503250699,1.7521673422259598,0.00012530045549288414,0.9779068365667071
2,10.0,1125,0.9780440405674072,0.6342725426836557,0.6450229247630398,0.004977075236960227,1.7556279736117293,0.00012385638957181517,0.9779201841778354
2,10.0,1150,0.9780555422036457,0.6343005771026102,0.6450514343416376,0.004948565658362436,1.7590653384141657,0.00012244151037562202,0.97793310069327
2,10.0,1175,0.9780666637814138,0.6343282363436155,0.6450795623833377,0.0049204376166622765,1.7624800955442923,0.00012105353169732387,0.9779456102497165
2,10.0,1200,0.978077425499877,0.6343555507978951,0.6451073397944695,0.004892660205530475,1.7658727675362882,0.00011969061943390523,0.977957734880443
2,10.0,1225,0.9780878460605796,0.6343825441592856,0.64513479067046,0.004865209329540043,1.7692437630767162,0.00011835130910121666,0.9779694947514784
2,10.0,1250,0.9780979427980114,0.6344092346422425,0.6451619335344839,0.0048380664655161,1.772593396350933,0.00011703443562375578,0.9779809083623877
2,10.0,1275,0.9781077317930941,0.6344356360182661,0.6451887823914572,0.0048112176085428615,1.77592190345843,0.00011573907438376661,0.9779919927187103
2,10.0,1300,0.978117227973736,0.6344617584858807,0.6452153476127601,0.004784652387239907,1.7792294561941264,0.00011446449233360469,0.9780027634814024
2,10.0,1325,0.9781264452052734,0.6344876093919565,0.6452416366697863,0.004758363330213733,1.7825161735099095,0.00011321010791161433,0.9780132350973617
2,10.0,1350,0.9781353963727064,0.6345131938230307,0.6452676547352855,0.004732345264714555,1.7857821309683455,0.00011197545852232902,0.978023420914184
2,10.0,1375,0.9781440934560458,0.6345385150849628,0.6452934051711486,0.004706594828851385,1.7890273684851203,0.00011076017441485103,0.978033333281631
2,10.0,1400,0.978152547599664,0.6345635750882145,0.6453188899202181,0.004681110079781892,1.792251896633331,0.00010956395789517745,0.9780429836417688
2,10.0,1425,0.9781607691763062,0.6345883746544625,0.6453441098180975,0.004655890181902489,1.7954557017549526,0.00010838656692968241,0.9780523826093765
2,10.0,1450,0.9781687678462454,0.6346129137585421,0.6453690648391954,0.0046309351608045946,1.7986387500953465,0.00010722780231788251,0.9780615400439275
2,10.0,1475,0.9781765526119617,0.6346371917178741,0.6453937542893635,0.004606245710636503,1.8018009911474329,0.00010608749773378408,0.9780704651142279
2,10.0,1500,0.9781841318686696,0.6346612073397692,0.6454181769556975,0.0045818230443025465,1.8049423603643129,0.00010496551204650902,0.9780791663566231
