eta,step,rv_full,rv_hollow,rho,rho_error,rms_radius,dimensionless_penalty,objective
0.0,0,0.6706081628799438,0.7140463590621948,0.9826020397741595,0.007397960225840494,12.88380241394043,0.0,0.7140463590621948
0.0,10,0.6651918292045593,0.719842791557312,0.9844137943643757,0.005586205635624286,13.112730979919434,0.0,0.719842791557312
0.0,20,0.664872944355011,0.7225569486618042,0.9851090129224462,0.0048909870775537545,13.392399787902832,0.0,0.7225569486618042
0.0,30,0.6645581126213074,0.724774956703186,0.9856692190585343,0.004330780941465662,13.699555397033691,0.0,0.724774956703186
0.0,40,0.664055347442627,0.7268720269203186,0.9862085531329202,0.003791446867079773,14.028831481933594,0.0,0.7268720269203186
0.0,50,0.663386881351471,0.7288864254951477,0.9867297583308561,0.003270241669143914,14.372783660888672,0.0,0.7288864254951477
0.0,60,0.6624734997749329,0.7307937145233154,0.9872357567409803,0.002764243259019694,14.724645614624023,0.0,0.7307937145233154
0.0,70,0.6614250540733337,0.7326002717018127,0.9877153370844357,0.002284662915564284,15.079818725585938,0.0,0.7326002717018127
0.0,80,0.6602697372436523,0.7342898845672607,0.9881608661500855,0.0018391338499145204,15.434638023376465,0.0,0.7342898845672607
0.0,90,0.6589897871017456,0.7358428835868835,0.9885765779847321,0.0014234220152679056,15.787124633789062,0.0,0.7358428835868835
0.0,100,0.6576171517372131,0.7372684478759766,0.9889617569748314,0.0010382430251686392,16.133623123168945,0.0,0.7372684478759766
0.0,110,0.656151533126831,0.7385755777359009,0.9893204582637998,0.0006795417362002176,16.473278045654297,0.0,0.7385755777359009
0.0,120,0.6546519994735718,0.7397744059562683,0.9896498193974611,0.0003501806025388854,16.80522346496582,0.0,0.7397744059562683
0.0,130,0.6531031727790833,0.7408654689788818,0.989955803822016,4.419617798401276e-05,17.128698348999023,0.0,0.7408654689788818
0.0,140,0.651543915271759,0.7418636679649353,0.9902372188482241,0.00023721884822414108,17.44305419921875,0.0,0.7418636679649353
0.0,150,0.649976372718811,0.7427798509597778,0.9904966883924139,0.0004966883924139021,17.747493743896484,0.0,0.7427798509597778
0.0,160,0.648415207862854,0.7436308264732361,0.9907374327155337,0.0007374327155337257,18.042037963867188,0.0,0.7436308264732361
0.0,170,0.6468901634216309,0.7444215416908264,0.9909567086323312,0.0009567086323312157,18.327457427978516,0.0,0.7444215416908264
0.0,180,0.6453693509101868,0.7451228499412537,0.9911625071607153,0.0011625071607153092,18.605331420898438,0.0,0.7451228499412537
0.0,190,0.64385986328125,0.7457623481750488,0.9913541723216038,0.0013541723216038415,18.873733520507812,0.0,0.7457623481750488
0.0,200,0.6423782706260681,0.7463501691818237,0.9915309288669908,0.0015309288669907994,19.134239196777344,0.0,0.7463501691818237
0.0,210,0.640899658203125,0.7468892931938171,0.9916980842639948,0.001698084263994759,19.386690139770508,0.0,0.7468892931938171
0.0,220,0.6394596099853516,0.7473767399787903,0.9918542669199895,0.0018542669199894668,19.63201141357422,0.0,0.7473767399787903
0.0,230,0.6380330324172974,0.7478235363960266,0.9920008484276012,0.002000848427601176,19.869977951049805,0.0,0.7478235363960266
0.0,240,0.6366640329360962,0.7482411861419678,0.9921365168286658,0.00213651682866578,20.100082397460938,0.0,0.7482411861419678
0.0,250,0.635338306427002,0.7486239671707153,0.9922622262745753,0.0022622262745752852,20.32184600830078,0.0,0.7486239671707153
0.0,260,0.6340306401252747,0.7489719390869141,0.9923825089844421,0.0023825089844421443,20.536989212036133,0.0,0.7489719390869141
0.0,270,0.6327242255210876,0.7492908239364624,0.9924959337311783,0.0024959337311782903,20.74559783935547,0.0,0.7492908239364624
0.0,280,0.6314877867698669,0.7495838403701782,0.9926014270944676,0.0026014270944676454,20.947954177856445,0.0,0.7495838403701782
0.0,290,0.6302874684333801,0.7498542070388794,0.9927013148183284,0.0027013148183283597,21.143983840942383,0.0,0.7498542070388794
0.0,300,0.6291086673736572,0.7501038908958435,0.9927953583649124,0.0027953583649124036,21.33397674560547,0.0,0.7501038908958435
0.0,310,0.6279638409614563,0.7503349184989929,0.9928861816505481,0.002886181650548103,21.518075942993164,0.0,0.7503349184989929
0.0,320,0.6268562078475952,0.7505490183830261,0.9929700873385912,0.0029700873385911652,21.69650650024414,0.0,0.7505490183830261
0.0,330,0.6257793307304382,0.7507471442222595,0.9930492222696736,0.003049222269673635,21.86945152282715,0.0,0.7507471442222595
0.0,340,0.624739408493042,0.7509313821792603,0.9931256736499658,0.0031256736499658544,22.037134170532227,0.0,0.7509313821792603
0.0,350,0.6237336993217468,0.7511032819747925,0.9931968175631394,0.003196817563139387,22.19976043701172,0.0,0.7511032819747925
0.0,360,0.6227607131004333,0.7512660622596741,0.9932654568289088,0.003265456828908775,22.357450485229492,0.0,0.7512660622596741
0.0,370,0.6217770576477051,0.7514176368713379,0.9933316510817359,0.0033316510817359424,22.510604858398438,0.0,0.7514176368713379
0.0,380,0.6208275556564331,0.7515568137168884,0.9933942076323806,0.0033942076323806303,22.659454345703125,0.0,0.7515568137168884
0.0,390,0.6199274659156799,0.751688539981842,0.9934525897706848,0.003452589770684855,22.804218292236328,0.0,0.751688539981842
0.0,400,0.6190539598464966,0.751813530921936,0.9935093617785149,0.003509361778514908,22.94485855102539,0.0,0.751813530921936
0.0,410,0.6182013154029846,0.7519305944442749,0.9935613033949225,0.0035613033949225548,23.081621170043945,0.0,0.7519305944442749
0.0,420,0.6173939108848572,0.7520388960838318,0.993612469763324,0.0036124697633239666,23.21462631225586,0.0,0.7520388960838318
0.0,430,0.6166282296180725,0.7521389722824097,0.9936604755052392,0.00366047550523918,23.34397315979004,0.0,0.7521389722824097
0.0,440,0.6158801317214966,0.7522332668304443,0.9937065133099081,0.0037065133099081216,23.46983528137207,0.0,0.7522332668304443
0.0,450,0.6151509284973145,0.7523206472396851,0.9937512391564128,0.0037512391564128444,23.592397689819336,0.0,0.7523206472396851
0.0,460,0.6144368648529053,0.7524061799049377,0.9937934007210514,0.0037934007210513876,23.711742401123047,0.0,0.7524061799049377
0.0,470,0.6137645840644836,0.7524978518486023,0.9938346081342978,0.0038346081342978122,23.827980041503906,0.0,0.7524978518486023
0.0,480,0.6131190061569214,0.7525743246078491,0.9938742054170701,0.0038742054170700646,23.94102668762207,0.0,0.7525743246078491
0.0,490,0.6124723553657532,0.7526437044143677,0.9939094493841159,0.0039094493841158595,24.051347732543945,0.0,0.7526437044143677
0.0,500,0.6118041276931763,0.7527084946632385,0.9939466612884078,0.003946661288407816,24.158803939819336,0.0,0.7527084946632385
100.0,0,0.6706081628799438,0.7140463590621948,0.9826020397741595,0.007397960225840494,12.88380241394043,0.0027364907751558968,0.7113098682870389
100.0,10,0.6646097302436829,0.7200173139572144,0.9845403983272153,0.0054596016727846974,13.13996410369873,0.0014903625212736734,0.7185269514359407
100.0,20,0.6641632914543152,0.7228639125823975,0.9852846960475171,0.004715303952482874,13.451436996459961,0.0011117045682150308,0.7217522080141824
100.0,30,0.6639077663421631,0.7252690196037292,0.9858722147672041,0.004127785232795889,13.790782928466797,0.0008519305464043904,0.7244170890573248
100.0,40,0.6634034514427185,0.7275117039680481,0.986430512600508,0.003569487399492033,14.147225379943848,0.0006370620147566197,0.7268746419532914
100.0,50,0.662623405456543,0.7296022176742554,0.9869691906958117,0.003030809304188309,14.5133056640625,0.00045929025191772106,0.7291429274223377
100.0,60,0.6616973876953125,0.7315585613250732,0.987476143257328,0.0025238567426719705,14.881362915039062,0.00031849264287653843,0.7312400686821967
100.0,70,0.6606086492538452,0.7333799600601196,0.987950416133665,0.002049583866335025,15.247845649719238,0.00021003970125704153,0.7331699203588626
100.0,80,0.6593825817108154,0.7350303530693054,0.9883866422232417,0.0016133577767583063,15.60831069946289,0.00013014616579132523,0.7349002069035141
100.0,90,0.6581207513809204,0.7365361452102661,0.9887841655469763,0.0012158344530236453,15.960285186767578,7.391267085796534e-05,0.7364622325394081
100.0,100,0.6567862629890442,0.7379087209701538,0.9891498440679996,0.0008501559320004404,16.30240821838379,3.613825543577687e-05,0.737872582714718
100.0,110,0.6553586721420288,0.7391571402549744,0.9894876732952658,0.0005123267047342228,16.634660720825195,1.3123932619191375e-05,0.7391440163223552
100.0,120,0.653924822807312,0.7403098344802856,0.9897964605395349,0.00020353946046514082,16.957197189331055,2.071415598322031e-06,0.7403077630646874
100.0,130,0.6524617075920105,0.7413711547851562,0.9900839582808677,8.395828086771306e-05,17.269779205322266,3.524496463130897e-07,0.7413708023355099
100.0,140,0.6509349942207336,0.7423146367073059,0.9903492720023341,0.00034927200233414446,17.5718994140625,6.099546580725131e-06,0.7423085371607252
100.0,150,0.649472177028656,0.7431729435920715,0.9905899566909919,0.0005899566909919329,17.863426208496094,1.740244486230755e-05,0.7431555411472093
100.0,160,0.6480355262756348,0.7439597249031067,0.9908118565241177,0.0008118565241177489,18.144622802734375,3.295555078762765e-05,0.743926769352319
100.0,170,0.6466090083122253,0.7446981072425842,0.9910182513971219,0.001018251397121861,18.415307998657227,5.184179538703109e-05,0.7446462654471971
100.0,180,0.6452211737632751,0.7453768253326416,0.9912076504484542,0.0012076504484541672,18.67613983154297,7.292098028257756e-05,0.745303904352359
100.0,190,0.6438320875167847,0.7459754347801208,0.9913842280904551,0.0013842280904551307,18.928722381591797,9.580437032025288e-05,0.7458796304098005
100.0,200,0.642469048500061,0.7465294599533081,0.9915484613988207,0.0015484613988206997,19.17168426513672,0.00011988663518188789,0.7464095733181262
100.0,210,0.6411418318748474,0.7470480799674988,0.991700529276937,0.0017005292769369795,19.406734466552734,0.00014458999108599033,0.7469034899764128
100.0,220,0.6398739218711853,0.7475190758705139,0.9918417436829682,0.0018417436829681888,19.63344383239746,0.00016960098968766142,0.7473494748808263
100.0,230,0.6386466026306152,0.7479398250579834,0.9919741321886223,0.0019741321886223018,19.85403060913086,0.000194859894907734,0.7477449651630756
100.0,240,0.637383759021759,0.7483251094818115,0.9921012132271579,0.0021012132271579498,20.068124771118164,0.0002207548512991763,0.7481043546305124
100.0,250,0.6361910700798035,0.7487015128135681,0.9922170829868364,0.0022170829868364272,20.274385452270508,0.0002457728485259767,0.7484557399650421
100.0,260,0.6350734829902649,0.7490319013595581,0.9923271085692382,0.0023271085692382343,20.47382354736328,0.0002707717146511011,0.748761129644907
100.0,270,0.6338760256767273,0.7493333220481873,0.9924340331596156,0.002434033159615656,20.66645622253418,0.0002962258711054287,0.7490370961770818
100.0,280,0.6327731013298035,0.7496102452278137,0.9925314758705341,0.00253147587053415,20.852907180786133,0.00032041850415483165,0.7492898267236588
100.0,290,0.6316812038421631,0.7498658895492554,0.9926248038035741,0.002624803803574105,21.0333194732666,0.00034447975036285445,0.7495214097988925
100.0,300,0.6306429505348206,0.7501019835472107,0.9927128839039575,0.002712883903957519,21.208078384399414,0.0003679869538175895,0.7497339965933931
100.0,310,0.6296311616897583,0.750321626663208,0.9927933904276661,0.0027933904276661314,21.37724494934082,0.00039015150406883863,0.7499314751591392
100.0,320,0.6286553144454956,0.7505254149436951,0.9928726446276727,0.0028726446276726714,21.541017532348633,0.00041260435784483304,0.7501128105858502
100.0,330,0.6277166604995728,0.750714898109436,0.9929467702639466,0.0029467702639466298,21.699630737304688,0.00043417274942400455,0.750280725360012
100.0,340,0.62680584192276,0.7508925795555115,0.9930148728195579,0.0030148728195579233,21.853336334228516,0.00045447290590545713,0.750438106649606
100.0,350,0.6259323954582214,0.7510597109794617,0.9930820808582391,0.0030820808582391335,22.00242042541504,0.00047496112083620365,0.7505847498586254
100.0,360,0.6250807642936707,0.7512193918228149,0.9931449952156559,0.0031449952156559213,22.147010803222656,0.0004945497453249318,0.75072484207749
100.0,370,0.6242426633834839,0.7513634562492371,0.9932057627324404,0.0032057627324404425,22.287137985229492,0.0005138457348352007,0.7508496105144019
100.0,380,0.6234197020530701,0.7514979839324951,0.9932640256018206,0.003264025601820597,22.422794342041016,0.0005326931564670155,0.7509652907760281
100.0,390,0.62264084815979,0.751623809337616,0.9933184122311705,0.0033184122311704645,22.554616928100586,0.000550592986799087,0.7510732163508169
100.0,400,0.6219013929367065,0.7517402768135071,0.9933689226204899,0.0033689226204899336,22.68263816833496,0.000567481981142438,0.7511727948323647
100.0,410,0.6211798787117004,0.751850426197052,0.9934185384928792,0.0034185384928792084,22.80702781677246,0.0005843202713648425,0.7512661059256872
100.0,420,0.6204774975776672,0.7519536018371582,0.9934656497178642,0.0034656497178642276,22.92790985107422,0.0006005363983466199,0.7513530654388115
100.0,430,0.6198107600212097,0.7520523071289062,0.993510375564369,0.0035103755643690615,23.04532814025879,0.0006161368301459704,0.7514361702987603
100.0,440,0.6191501617431641,0.7521496415138245,0.9935530738391656,0.003553073839165588,23.15925407409668,0.0006312166853281446,0.7515184248284963
100.0,450,0.6184908747673035,0.7522398829460144,0.99359451979026,0.0035945197902600423,23.269956588745117,0.0006460286261285549,0.7515938543198859
100.0,460,0.617864727973938,0.7523238658905029,0.9936348923210384,0.0036348923210384187,23.377784729003906,0.0006606221092772032,0.7516632437812257
100.0,470,0.6172683835029602,0.7524034976959229,0.9936734758179565,0.0036734758179565175,23.482833862304688,0.0006747212292555652,0.7517287764666672
100.0,480,0.6166926026344299,0.7524786591529846,0.9937090179573124,0.003709017957312377,23.58518409729004,0.0006878407103832839,0.7517908184426013
100.0,490,0.6161511540412903,0.7525517344474792,0.993743069235118,0.003743069235118024,23.68485450744629,0.0007005283649443514,0.7518512060825349
100.0,500,0.6156353950500488,0.7526205778121948,0.9937761067270695,0.003776106727069517,23.781848907470703,0.000712949100710983,0.7519076287114839
1000.0,0,0.6706081628799438,0.7140463590621948,0.9826020397741595,0.007397960225840494,12.88380241394043,0.027364907751558965,0.6866814513106358
1000.0,10,0.6604810953140259,0.719700276851654,0.985125650937346,0.004874349062653938,13.253060340881348,0.01187963939229766,0.7078206374593564
1000.0,20,0.6596688032150269,0.7234277725219727,0.9860606596671443,0.003939340332855701,13.706474304199219,0.0077592011290318315,0.7156685713929408
1000.0,30,0.6600066423416138,0.7269037961959839,0.9867464559802178,0.003253544019782173,14.183571815490723,0.00529277434433017,0.7216110218516537
1000.0,40,0.6596978902816772,0.7297648787498474,0.9873480484329383,0.002651951567061661,14.642424583435059,0.0035164235570204,0.726248455192827
1000.0,50,0.6590214371681213,0.7321010231971741,0.9878721160850505,0.0021278839149494466,15.068665504455566,0.002263944977750292,0.7298370782194238
1000.0,60,0.6581752300262451,0.7340436577796936,0.9883245627482931,0.001675437251706935,15.459663391113281,0.0014035449922036435,0.73264011278749
1000.0,70,0.6572234630584717,0.7356853485107422,0.9887171364116811,0.001282863588318861,15.819112777709961,0.000822869493117172,0.734862479017625
1000.0,80,0.6562544703483582,0.7370897531509399,0.9890576491897376,0.0009423508102623934,16.149614334106445,0.0004440125248010947,0.7366457406261389
1000.0,90,0.6552976369857788,0.7382982969284058,0.9893541517348334,0.0006458482651665598,16.45473289489746,0.00020855999080932747,0.7380897369375964
1000.0,100,0.6544073224067688,0.7393614649772644,0.9896124882242451,0.0003875117757549118,16.737268447875977,7.508268817436253e-05,0.73928638228909
1000.0,110,0.653541624546051,0.7402823567390442,0.9898407689448055,0.00015923105519444203,16.999191284179688,1.267726446916772e-05,0.740269679474575
1000.0,120,0.6527016162872314,0.7410929203033447,0.9900448977082534,4.489770825344408e-05,17.242643356323242,1.0079021032056903e-06,0.7410919124012415
1000.0,130,0.6518951654434204,0.741809606552124,0.9902285122167712,0.00022851221677122613,17.469524383544922,2.610891660684992e-05,0.7417834976355172
1000.0,140,0.6511232852935791,0.742448627948761,0.9903932822352949,0.0003932822352948895,17.681604385375977,7.73354582992724e-05,0.7423712924904617
1000.0,150,0.6503864526748657,0.7430222630500793,0.9905431436383169,0.0005431436383168675,17.880868911743164,0.00014750250592204212,0.7428747605441574
1000.0,160,0.6496912240982056,0.7435396909713745,0.9906788716738435,0.0006788716738435063,18.068714141845703,0.00023043337477354203,0.7433092575966009
1000.0,170,0.6490341424942017,0.7440071105957031,0.9908020168378867,0.000802016837886721,18.245988845825195,0.00032161550412690746,0.7436854950915762
1000.0,180,0.6484067440032959,0.7444322109222412,0.9909160975637049,0.0009160975637049207,18.413402557373047,0.0004196173731130456,0.7440125935491282
1000.0,190,0.6478103399276733,0.7448190450668335,0.9910199211620581,0.0010199211620580684,18.571496963500977,0.0005201195884069402,0.7442989254784266
1000.0,200,0.6472469568252563,0.7451720237731934,0.9911165886249704,0.0011165886249704382,18.720882415771484,0.000623385078706687,0.7445486386944866
1000.0,210,0.6467126607894897,0.7454947829246521,0.9912053247044359,0.0012053247044359061,18.862218856811523,0.0007264038215617521,0.7447683791030903
1000.0,220,0.6462105512619019,0.7457910180091858,0.9912873817241566,0.0012873817241566554,18.996091842651367,0.0008286758518462814,0.7449623421573395
1000.0,230,0.6457371115684509,0.7460647225379944,0.9913625211462848,0.0013625211462847675,19.12306785583496,0.0009282319370365784,0.7451364906009578
1000.0,240,0.645293116569519,0.7463147640228271,0.9914320549289842,0.0014320549289842388,19.24353790283203,0.0010253906598140267,0.7452893733630132
1000.0,250,0.6448729038238525,0.7465458512306213,0.9914973546648812,0.001497354664881212,19.357826232910156,0.0011210354962207633,0.7454248157344006
1000.0,260,0.6444756388664246,0.7467590570449829,0.9915579432782797,0.0015579432782797387,19.466188430786133,0.0012135936291685096,0.7455454634158144
1000.0,270,0.6441008448600769,0.7469567060470581,0.9916129262522496,0.0016129262522496246,19.568910598754883,0.0013007655475980099,0.74565594049946
1000.0,280,0.6437491774559021,0.7471411228179932,0.9916654045788152,0.001665404578815255,19.666292190551758,0.0013867862055694084,0.7457543366124237
1000.0,290,0.643416702747345,0.7473149299621582,0.9917140066653505,0.001714006665350487,19.75845718383789,0.0014689094244329482,0.7458460205377253
1000.0,300,0.6431037783622742,0.7474797368049622,0.9917587921463172,0.0017587921463172451,19.84542465209961,0.001546674906973611,0.7459330618979886
1000.0,310,0.642812192440033,0.7476364970207214,0.9918006555386457,0.0018006555386457235,19.92741584777832,0.0016211801844277602,0.7460153168362936
1000.0,320,0.642548143863678,0.7477859854698181,0.9918382848841718,0.0018382848841718147,20.004907608032227,0.001689645657687291,0.7460963398121309
1000.0,330,0.6423232555389404,0.7479281425476074,0.9918737077546036,0.001873707754603604,20.0794734954834,0.0017553903748308399,0.7461727521727766
1000.0,340,0.6421071887016296,0.7480525970458984,0.9919073415911752,0.0019073415911752267,20.151447296142578,0.0018189759727134228,0.746233621073185
1000.0,350,0.6418708562850952,0.7481676936149597,0.9919410350622088,0.0019410350622087735,20.221782684326172,0.0018838085563619086,0.7462838850585978
1000.0,360,0.6416466236114502,0.748274028301239,0.991971806444604,0.0019718064446040406,20.288349151611328,0.0019440103274910138,0.746330017973748
1000.0,370,0.6414660215377808,0.7483692169189453,0.991998641952507,0.0019986419525069854,20.351442337036133,0.0019972848271604675,0.7463719320917849
1000.0,380,0.6412721276283264,0.7484598159790039,0.9920258352671819,0.002025835267181919,20.411598205566406,0.002052004264879019,0.7464078117141248
1000.0,390,0.6410854458808899,0.74854576587677,0.9920508221067625,0.002050822106762551,20.469484329223633,0.002102935656792994,0.746442830219977
1000.0,400,0.6409189105033875,0.7486257553100586,0.9920759878497293,0.0020759878497292883,20.525049209594727,0.002154862776111817,0.7464708925339468
1000.0,410,0.6407585740089417,0.7487004995346069,0.9920984700419057,0.0020984700419056646,20.578102111816406,0.002201788258387781,0.7464987112762191
1000.0,420,0.6406047344207764,0.7487698197364807,0.992119938448228,0.002119938448227998,20.62860107421875,0.0022470695121376665,0.746522750224343
1000.0,430,0.6404605507850647,0.7488345503807068,0.9921405719720822,0.0021405719720821725,20.676864624023438,0.0022910241838318807,0.7465435261968749
1000.0,440,0.6403272747993469,0.7488954067230225,0.9921583430417601,0.0021583430417601024,20.722898483276367,0.0023292223429571255,0.7465661843800654
1000.0,450,0.6402008533477783,0.7489525675773621,0.992176889359444,0.0021768893594440453,20.766883850097656,0.002369423641630353,0.7465831439357317
1000.0,460,0.6400890350341797,0.749006450176239,0.992194064084502,0.0021940640845019566,20.808937072753906,0.002406958603450704,0.7465994915727883
1000.0,470,0.6399790048599243,0.7490568161010742,0.9922092112378516,0.0022092112378515605,20.84910774230957,0.002440307146724812,0.7466165089543494
1000.0,480,0.6398832201957703,0.7491044998168945,0.992223404239809,0.002223404239809046,20.88751220703125,0.0024717632068004206,0.7466327366100941
1000.0,490,0.6398023962974548,0.7491505742073059,0.9922375972417666,0.0022375972417666423,20.924345016479492,0.0025034207081808427,0.746647153499125
1000.0,500,0.6397321224212646,0.7491949796676636,0.9922495241341679,0.0022495241341679018,20.95994758605957,0.002530179415101924,0.7466648002525617
3000.0,0,0.6706081628799438,0.7140463590621948,0.9826020397741595,0.007397960225840494,12.88380241394043,0.0820947232546769,0.6319516358075179
3000.0,10,0.6542642116546631,0.7161187529563904,0.985470039955433,0.004529960044566961,13.308568954467773,0.03078080700805965,0.6853379459483308
3000.0,20,0.6536251902580261,0.7209309935569763,0.9864928306133046,0.0035071693866953746,13.807051658630371,0.018450355660459813,0.7024806378965165
3000.0,30,0.6547921895980835,0.7257083058357239,0.9872033155936488,0.0027966844063511687,14.32437515258789,0.011732165503091684,0.7139761403326322
3000.0,40,0.6555436849594116,0.7293577194213867,0.9877699622516336,0.002230037748366387,14.807635307312012,0.007459602538708538,0.7218981168826781
3000.0,50,0.655509889125824,0.7319813370704651,0.9882349917863594,0.001765008213640562,15.230367660522461,0.004672880991327972,0.7273084560791371
3000.0,60,0.6551358699798584,0.7339637875556946,0.9886187991838326,0.0013812008161674383,15.595291137695312,0.0028615735418723964,0.7311022140138221
3000.0,70,0.6546621322631836,0.7355287671089172,0.9889352196392385,0.0010647803607615192,15.912508010864258,0.0017006358249951462,0.7338281312839221
3000.0,80,0.6542888879776001,0.7368190884590149,0.9891928405151061,0.000807159484893849,16.190536499023438,0.0009772596510811554,0.7358418288079337
3000.0,90,0.6539005637168884,0.7378872036933899,0.9894102081291194,0.000589791870880596,16.436717987060547,0.0005217816764352505,0.7373654220169547
3000.0,100,0.6535686254501343,0.7387843132019043,0.9895937033687131,0.0004062966312868843,16.65593910217285,0.00024761542889260564,0.7385366977730117
3000.0,110,0.6532726883888245,0.7395464777946472,0.9897493493145498,0.00025065068545016,16.85202407836914,9.423864917495258e-05,0.7394522391454723
3000.0,120,0.6530101895332336,0.7401940822601318,0.9898844213709943,0.00011557862900568594,17.02864646911621,2.003762922425098e-05,0.7401740446309076
3000.0,130,0.6527807116508484,0.7407536506652832,0.9900005296685207,5.296685207101248e-07,17.189002990722656,4.2082311274687785e-10,0.74075365024446
3000.0,140,0.6525787711143494,0.7412484288215637,0.9901029816742477,0.0001029816742477152,17.335208892822266,1.5907837846293794e-05,0.7412325209837174
3000.0,150,0.6524013876914978,0.7416760325431824,0.9901936260564974,0.00019362605649742015,17.469308853149414,5.6236574632113216e-05,0.7416197959685502
3000.0,160,0.6522510647773743,0.7420486211776733,0.990273536235586,0.0002735362355860138,17.592561721801758,0.00011223310826785088,0.7419363880694055
3000.0,170,0.6521092653274536,0.7423791289329529,0.9903453361278417,0.0003453361278417111,17.70607566833496,0.00017888556178905993,0.7422002433711639
3000.0,180,0.6519817113876343,0.7426736950874329,0.9904095028089606,0.00040950280896057123,17.81073570251465,0.00025153882581989716,0.742422156261613
3000.0,190,0.6518737077713013,0.7429360747337341,0.9904653802998605,0.0004653802998605405,17.907270431518555,0.0003248682352474299,0.7426112064984867
3000.0,200,0.6517824530601501,0.7431702613830566,0.990516725571648,0.0005167255716480579,17.99632453918457,0.00040050797459251827,0.7427697534084641
3000.0,210,0.6517048478126526,0.7433794736862183,0.9905620477627729,0.0005620477627729104,18.078533172607422,0.00047384653145705056,0.7429056271547612
3000.0,220,0.6516419649124146,0.7435665130615234,0.9906028973692473,0.000602897369247346,18.154417037963867,0.000545227856768056,0.7430212852047554
3000.0,230,0.6515907049179077,0.7437352538108826,0.9906398111012292,0.0006398111012292373,18.224517822265625,0.0006140373678842541,0.7431212164429983
3000.0,240,0.6515480875968933,0.7438886761665344,0.9906721926140988,0.0006721926140987877,18.289308547973633,0.0006777643656734426,0.743210911800861
3000.0,250,0.6515139937400818,0.7440293431282043,0.9907017713072539,0.0007017713072539067,18.34914779663086,0.0007387244515272857,0.743290618676677
3000.0,260,0.6514852046966553,0.7441529035568237,0.9907290242563909,0.0007290242563908755,18.404632568359375,0.0007972145496094035,0.7433556890072144
3000.0,270,0.6514589786529541,0.7442660927772522,0.9907535936547375,0.0007535936547374833,18.456436157226562,0.0008518550946908957,0.7434142376825613
3000.0,280,0.6514363884925842,0.744368851184845,0.9907758969435279,0.0007758969435278651,18.50450325012207,0.0009030241004638245,0.7434658270843811
3000.0,290,0.6514161229133606,0.7444629669189453,0.990795516681528,0.0007955166815279968,18.549087524414062,0.0009492701858839744,0.7435136967330613
3000.0,300,0.6514000296592712,0.7445483803749084,0.9908140033647499,0.0008140033647499045,18.590606689453125,0.0009939022167362492,0.7435544781581722
3000.0,310,0.6513937711715698,0.744625449180603,0.9908299854005677,0.0008299854005676677,18.62928581237793,0.0010333136477332077,0.7435921355328698
3000.0,320,0.6513938903808594,0.7446961998939514,0.9908460270708473,0.000846027070847355,18.665361404418945,0.001073642706909833,0.7436225571870416
3000.0,330,0.6513932347297668,0.7447602152824402,0.9908597429971089,0.0008597429971088921,18.699161529541016,0.0011087370316166707,0.7436514782508236
3000.0,340,0.6513857245445251,0.7448197603225708,0.9908726240409023,0.0008726240409022701,18.730812072753906,0.0011422090751409101,0.7436775512474298
3000.0,350,0.651383101940155,0.7448744773864746,0.9908838353197594,0.0008838353197594406,18.760459899902344,0.0011717473086814089,0.7437027300777932
3000.0,360,0.6513815522193909,0.7449254989624023,0.9908946887918446,0.0008946887918446222,18.788251876831055,0.0012007020513785847,0.7437247969110238
3000.0,370,0.6513834595680237,0.7449734210968018,0.9909046477469997,0.0009046477469997205,18.81423568725586,0.0012275813192275055,0.7437458397775742
3000.0,380,0.6513848900794983,0.745017945766449,0.9909138910886106,0.0009138910886106189,18.83816146850586,0.001252795382762853,0.7437651503836861
3000.0,390,0.6513859033584595,0.7450600862503052,0.9909214646652855,0.0009214646652855318,18.860313415527344,0.0012736456940546659,0.7437864405562505
3000.0,400,0.6513892412185669,0.7451007962226868,0.9909286208007262,0.0009286208007261987,18.880807876586914,0.0012935048873120496,0.7438072913353747
3000.0,410,0.6513931155204773,0.7451409101486206,0.990935240226009,0.0009352402260089931,18.899688720703125,0.001312011420518029,0.7438288987281025
3000.0,420,0.651399552822113,0.7451803684234619,0.9909419192857537,0.0009419192857537118,18.9169979095459,0.001330817911312174,0.7438495505121497
3000.0,430,0.6514079570770264,0.745218813419342,0.990946093698094,0.0009460936980940637,18.932924270629883,0.0013426399283599521,0.7438761734909821
3000.0,440,0.6514261364936829,0.7452548742294312,0.9909505662827446,0.0009505662827445915,18.948314666748047,0.0013553643868363062,0.7438995098425949
3000.0,450,0.6514415144920349,0.7452921867370605,0.990954203984927,0.0009542039849269601,18.963184356689453,0.0013657578672757354,0.7439264288697848
3000.0,460,0.6514526605606079,0.7453239560127258,0.9909590940108115,0.000959094010811512,18.97725486755371,0.0013797919823617692,0.743944164030364
3000.0,470,0.651461124420166,0.7453485727310181,0.990963447326538,0.0009634473265379695,18.991369247436523,0.0013923461265197411,0.7439562266044983
3000.0,480,0.6514558792114258,0.7453721165657043,0.9909678602767265,0.0009678602767264621,19.00450897216797,0.0014051302728975356,0.7439669862928068
3000.0,490,0.6514625549316406,0.7453913688659668,0.9909721539579909,0.0009721539579908844,19.01702117919922,0.0014176249770560135,0.7439737438889108
3000.0,500,0.651470422744751,0.7454085946083069,0.9909755531223252,0.0009755531223252234,19.028560638427734,0.0014275558417177383,0.7439810387665892
10000.0,0,0.6706081628799438,0.7140463590621948,0.9826020397741595,0.007397960225840494,12.88380241394043,0.27364907751558964,0.4403972815466052
10000.0,10,0.6418854594230652,0.7054982781410217,0.9857104861062428,0.004289513893757202,13.342111587524414,0.09199964722368036,0.6134986309173414
10000.0,20,0.6393170356750488,0.7100917100906372,0.9868457473594585,0.0031542526405414772,13.842989921569824,0.049746548601814405,0.6603451614888228
10000.0,30,0.6426273584365845,0.7177796363830566,0.9875642233577115,0.0024357766422884453,14.334593772888184,0.029665039255589862,0.6881145971274668
10000.0,40,0.6452224850654602,0.7235231995582581,0.9880922268843161,0.0019077731156839084,14.783004760742188,0.018197991304631435,0.7053252082536267
10000.0,50,0.6469446420669556,0.7275685667991638,0.9884959521920994,0.0015040478079005881,15.171955108642578,0.011310799042252823,0.716257767756911
10000.0,60,0.6479199528694153,0.7304223775863647,0.9888137442401315,0.0011862557598685264,15.500069618225098,0.007036013639106275,0.7233863639472585
10000.0,70,0.6487324833869934,0.7325721383094788,0.9890571721140415,0.0009428278859584527,15.775581359863281,0.004444622112704425,0.7281275161967743
10000.0,80,0.6493755578994751,0.7342163920402527,0.9892493739850882,0.000750626014911826,16.00833511352539,0.002817197071312044,0.7313991949689407
10000.0,90,0.6498154401779175,0.735489547252655,0.9894080612884872,0.0005919387115127517,16.20779800415039,0.0017519571909368832,0.7337375900617181
10000.0,100,0.6501644849777222,0.7365100383758545,0.9895373488021171,0.00046265119788291287,16.380081176757812,0.001070230654512471,0.735439807721342
10000.0,110,0.6505169868469238,0.7373511791229248,0.9896426036275584,0.0003573963724415874,16.530292510986328,0.0006386608351720293,0.7367125182877527
10000.0,120,0.650831401348114,0.73804771900177,0.9897300873833217,0.0002699126166783028,16.662647247314453,0.00036426410321064207,0.7376834548985594
10000.0,130,0.6511313915252686,0.7386295199394226,0.9898030799648175,0.00019692003518245738,16.78018569946289,0.00019388750128130128,0.7384356324381413
10000.0,140,0.6514193415641785,0.7391228675842285,0.9898641456539121,0.0001358543460878714,16.885000228881836,9.22820167548157e-05,0.7390305855674737
10000.0,150,0.6516900658607483,0.7395437955856323,0.9899156101946236,8.438980537639473e-05,16.9787654876709,3.5608196257328906e-05,0.739508187389375
10000.0,160,0.6519356369972229,0.7399020791053772,0.9899600975032804,3.990249671959045e-05,17.06308937072754,7.961046222284633e-06,0.739894118059155
10000.0,170,0.6521661877632141,0.7402093410491943,0.9899968919663383,3.1080336616584603e-06,17.139516830444336,4.8299366210010476e-08,0.7402092927498282
10000.0,180,0.6523826718330383,0.7404751777648926,0.9900302872650619,3.0287265061934576e-05,17.20942497253418,4.586592124659414e-06,0.7404705911727679
10000.0,190,0.652595579624176,0.7407097816467285,0.9900587329034389,5.8732903438940554e-05,17.273784637451172,1.7247769731839576e-05,0.7406925338769966
10000.0,200,0.652793288230896,0.7409188151359558,0.9900837793774817,8.37793774817186e-05,17.33327293395996,3.5094920456121485e-05,0.7408837202154996
10000.0,210,0.6529878973960876,0.7411043643951416,0.990105963397348,0.00010596339734803006,17.388383865356445,5.614120788768252e-05,0.7410482231872539
10000.0,220,0.6531691551208496,0.7412706613540649,0.99012474825288,0.00012474825288000257,17.43956756591797,7.781063298306535e-05,0.7411928507210819
10000.0,230,0.6533373594284058,0.7414225339889526,0.990142817494868,0.00014281749486799722,17.487157821655273,0.00010198418420185206,0.7413205498047508
10000.0,240,0.6534998416900635,0.741558313369751,0.9901573086691355,0.00015730866913554742,17.53144073486328,0.00012373008692598562,0.741434583282825
10000.0,250,0.6536563038825989,0.7416855096817017,0.9901718594778651,0.00017185947786513278,17.57271385192871,0.00014767840066038033,0.7415378312810412
10000.0,260,0.6538023352622986,0.741794764995575,0.9901830111222603,0.00018301112226026817,17.61126708984375,0.00016746535435481412,0.7416272996412201
10000.0,270,0.6539238691329956,0.7418906688690186,0.9901946994768136,0.000194699476813609,17.64712142944336,0.00018953943135746533,0.7417011294376611
10000.0,280,0.6540369391441345,0.741976261138916,0.9902054933144367,0.00020549331443675545,17.68052101135254,0.00021113751139101623,0.741765123627525
10000.0,290,0.6541401147842407,0.742053747177124,0.9902144981181996,0.00021449811819962417,17.7117862701416,0.0002300472135558997,0.7418236999635681
10000.0,300,0.6542385816574097,0.7421251535415649,0.9902227276739566,0.00022272767395659088,17.740995407104492,0.00024803808373056725,0.7418771154578344
10000.0,310,0.6543348431587219,0.7421940565109253,0.9902301223472454,0.00023012234724539837,17.7683048248291,0.0002647814735086585,0.7419292750374167
10000.0,320,0.6544336080551147,0.7422615885734558,0.9902369206759141,0.00023692067591407628,17.793935775756836,0.00028065703337791384,0.7419809315400779
10000.0,330,0.6545252203941345,0.7423169016838074,0.9902432419288868,0.00024324192888680596,17.817888259887695,0.00029583317984286983,0.7420210685039645
10000.0,340,0.6546005010604858,0.7423665523529053,0.9902486686649293,0.00024866866492934125,17.840120315551758,0.00030918052458870493,0.7420573718283165
10000.0,350,0.6546729803085327,0.7424117922782898,0.9902536183252759,0.0002536183252759283,17.86109733581543,0.0003216112745788329,0.7420901810037109
10000.0,360,0.6547471284866333,0.7424574494361877,0.9902588661579325,0.00025886615793246914,17.880733489990234,0.0003350584386135903,0.7421223909975742
10000.0,370,0.6548086404800415,0.7424987554550171,0.9902635176459689,0.0002635176459688804,17.899002075195312,0.0003472077486849009,0.7421515477063322
10000.0,380,0.6548746824264526,0.7425362467765808,0.9902664993690693,0.00026649936906930627,17.916175842285156,0.00035510956857169156,0.7421811372080092
10000.0,390,0.6549369096755981,0.742570161819458,0.9902709123192577,0.0002709123192576879,17.932336807250977,0.00036696742362789703,0.7422031943958302
10000.0,400,0.6549904942512512,0.7426004409790039,0.9902733573322,0.00027335733220001934,17.94770622253418,0.00037362115533755866,0.7422268198236663
10000.0,410,0.6550414562225342,0.7426292300224304,0.9902763986897624,0.00027639868976236937,17.962324142456055,0.0003819811785117725,0.7422472488439187
10000.0,420,0.6550896167755127,0.7426559925079346,0.9902800960264067,0.0002800960264066621,17.97618293762207,0.00039226892004400776,0.7422637235878906
10000.0,430,0.6551389694213867,0.7426799535751343,0.990282302501501,0.0002823025015009639,17.989221572875977,0.00039847351176850864,0.7422814800633658
10000.0,440,0.6551833152770996,0.742703378200531,0.9902849264178292,0.0002849264178291788,18.001541137695312,0.00040591531788483897,0.7422974628826462
10000.0,450,0.655224621295929,0.7427256107330322,0.9902867154516894,0.00028671545168945656,18.0131893157959,0.0004110287511874455,0.7423145819818447
10000.0,460,0.6552637219429016,0.7427462339401245,0.9902887430233976,0.0002887430233976529,18.02419662475586,0.00041686266780408763,0.7423293712723205
10000.0,470,0.655302107334137,0.7427659034729004,0.9902906513261819,0.00029065132618188994,18.03460693359375,0.00042239096705645686,0.742343512505844
10000.0,480,0.6553384065628052,0.7427846789360046,0.9902929174357381,0.0002929174357381159,18.044496536254883,0.0004290031207969663,0.7423556758152077
10000.0,490,0.6553723216056824,0.742803156375885,0.9902948257385222,0.0002948257385222419,18.05389404296875,0.0004346110804759268,0.7423685452954091
10000.0,500,0.6554089784622192,0.7428209185600281,0.9902966147723825,0.00029661477238251965,18.0628604888916,0.0004399016159776697,0.7423810169440505
100000.0,0,0.6706081628799438,0.7140463590621948,0.9826020397741595,0.007397960225840494,12.88380241394043,2.7364907751558967,-2.022444416093702
100000.0,10,0.6118159890174866,0.6735306978225708,0.9858001167026383,0.004199883297361651,13.361902236938477,0.8819509855728687,-0.20842028775029786
100000.0,20,0.5906864404678345,0.660958468914032,0.9870621608220796,0.0029378391779203428,13.868012428283691,0.4315449517661838,0.2294135171478482
100000.0,30,0.5929363965988159,0.6700378656387329,0.9878635883569836,0.002136411643016367,14.33340072631836,0.22821273542079468,0.44182513021793823
100000.0,40,0.6001781225204468,0.6824997067451477,0.9884243908376917,0.0015756091623082558,14.725069999694824,0.12412721161748616,0.5583724951276615
100000.0,50,0.6062208414077759,0.6923009157180786,0.9888204232998762,0.0011795767001238078,15.041318893432617,0.06957005957374858,0.62273085614433
100000.0,60,0.6110001802444458,0.6996006965637207,0.9891036869944065,0.0008963130055934521,15.292779922485352,0.04016885019979838,0.6594318463639224
100000.0,70,0.6150140762329102,0.7052870988845825,0.9893077561233925,0.0006922438766074901,15.493457794189453,0.023960079235028298,0.6813270196495542
100000.0,80,0.6184425950050354,0.7098649144172668,0.9894579753331866,0.0005420246668134121,15.654394149780273,0.01468953697170952,0.6951753774455574
100000.0,90,0.6215715408325195,0.7137124538421631,0.9895693725082145,0.00043062749178546245,15.784802436828613,0.009272001834071926,0.7044404520080911
100000.0,100,0.624424934387207,0.7169653177261353,0.9896504753765432,0.00034952462345683166,15.893202781677246,0.006108373120131998,0.7108569446060032
100000.0,110,0.6269453763961792,0.7196974158287048,0.98971338973396,0.0002866102660400438,15.985160827636719,0.004107272229977235,0.7155901435987276
100000.0,120,0.6291574835777283,0.7219935655593872,0.9897617532826471,0.0002382467173528413,16.064455032348633,0.002838074916470233,0.719155490642917
100000.0,130,0.6311468482017517,0.7239687442779541,0.9897983688423191,0.00020163115768090378,16.134000778198242,0.0020327561873870743,0.721935988090567
100000.0,140,0.6329300999641418,0.7256476879119873,0.9898271722874682,0.00017282771253179785,16.19607925415039,0.0014934709109486878,0.7241542170010387
100000.0,150,0.6344985365867615,0.7271035313606262,0.9898510260722707,0.00014897392772927898,16.252145767211914,0.0011096615571544218,0.7259938698034718
100000.0,160,0.6359769701957703,0.7284311652183533,0.9898694531210307,0.0001305468789692954,16.30353546142578,0.0008521243804311931,0.7275790408379221
100000.0,170,0.6372405290603638,0.7295174598693848,0.9898846599088423,0.00011534009115765631,16.351022720336914,0.0006651668314128234,0.7288522930379719
100000.0,180,0.6383895874023438,0.7304806709289551,0.9898974216837116,0.00010257831628834868,16.395265579223633,0.0005261155486276251,0.7299545553803275
100000.0,190,0.63942950963974,0.7313268184661865,0.9899076788111768,9.232118882318563e-05,16.43670082092285,0.0004261600952863147,0.7309006583709002
100000.0,200,0.640389084815979,0.7320943474769592,0.9899168028838637,8.319711613624658e-05,16.475784301757812,0.0003460880066694051,0.7317482594702899
100000.0,210,0.6412649154663086,0.7327791452407837,0.9899247939017726,7.520609822742053e-05,16.512767791748047,0.00028279786052962124,0.732496347380254
100000.0,220,0.642041802406311,0.7333707809448242,0.9899316518649034,6.834813509659643e-05,16.54780387878418,0.00023357337855912984,0.7331372075662651
100000.0,230,0.6427578330039978,0.7339102625846863,0.989938569462496,6.143053750395921e-05,16.581134796142578,0.000188685546901267,0.7337215770377851
100000.0,240,0.6434202194213867,0.734399139881134,0.9899448310810067,5.5168918993264704e-05,16.612926483154297,0.00015218048114427015,0.7342469593999897
100000.0,250,0.6440410614013672,0.7348470091819763,0.9899497211068913,5.027889310871281e-05,16.64327049255371,0.0001263983546118684,0.7347206108273644
100000.0,260,0.6446194648742676,0.7352572083473206,0.9899538358847697,4.616411523028496e-05,16.672334671020508,0.00010655627674975141,0.7351506520705708
100000.0,270,0.6451601386070251,0.73563551902771,0.9899578910281862,4.210897181378126e-05,16.700275421142578,8.865827536069123e-05,0.7355468607523493
100000.0,280,0.6456694006919861,0.7359867691993713,0.9899614094614445,3.8590538555483e-05,16.727163314819336,7.4461483300111e-05,0.7359123077160712
100000.0,290,0.6461493372917175,0.7363139390945435,0.9899643315500829,3.566844991709228e-05,16.753034591674805,6.361191597440602e-05,0.7362503271785691
100000.0,300,0.6465978622436523,0.7366140484809875,0.9899683270590373,3.1672940962734764e-05,16.777929306030273,5.015875946144408e-05,0.7365638897215261
100000.0,310,0.6470155715942383,0.7368851900100708,0.9899710702442895,2.8929755710449534e-05,16.801803588867188,4.184653827331437e-05,0.7368433434717975
100000.0,320,0.6473990082740784,0.7371311783790588,0.9899743501396999,2.5649860300069882e-05,16.824785232543945,3.289576667065505e-05,0.7370982826123882
100000.0,330,0.64775151014328,0.7373527884483337,0.9899773914972623,2.260850273771986e-05,16.846946716308594,2.5557219802074324e-05,0.7373272312285317
100000.0,340,0.6480839848518372,0.737555205821991,0.9899795383378944,2.0461662105564216e-05,16.868303298950195,2.093398080611413e-05,0.7375342718411848
100000.0,350,0.6483961939811707,0.7377420663833618,0.9899825796954568,1.7420304543214193e-05,16.888896942138672,1.5173350518916452e-05,0.7377268930328429
100000.0,360,0.6486895084381104,0.7379153966903687,0.989984249460393,1.5750539607006786e-05,16.908781051635742,1.2403974895594475e-05,0.7379029927154731
100000.0,370,0.6489673852920532,0.738078773021698,0.9899866944733352,1.3305526664786349e-05,16.92804527282715,8.851851991367026e-06,0.7380699211697066
100000.0,380,0.649255096912384,0.7382563948631287,0.9899886027761194,1.1397223880549312e-05,16.946683883666992,6.494835609168177e-06,0.7382499000275194
100000.0,390,0.6495121121406555,0.7384193539619446,0.9899911074235237,8.892576476293712e-06,16.964685440063477,3.953895819336615e-06,0.7384154000661253
100000.0,400,0.6497646570205688,0.7385586500167847,0.9899924193816878,7.58061831218626e-06,16.982149124145508,2.8732886997526835e-06,0.7385557767280849
100000.0,410,0.649994969367981,0.7386950254440308,0.989993254264156,6.745735844027045e-06,16.99906349182129,2.275247603869564e-06,0.7386927501964269
100000.0,420,0.6502149105072021,0.7388259172439575,0.9899956396426363,4.360357363730749e-06,17.015527725219727,9.506358169720484e-07,0.7388249666081406
100000.0,430,0.6504252552986145,0.738944947719574,0.9899966534284903,3.34657150968809e-06,17.03140640258789,5.599770434728011e-07,0.7389443877425305
100000.0,440,0.6506235599517822,0.7390543222427368,0.9899980846555785,1.915344421510312e-06,17.046810150146484,1.8342721265053363e-07,0.7390541388155242
100000.0,450,0.6508100628852844,0.7391573786735535,0.9899990388069706,9.611930293917936e-07,17.061782836914062,4.619460198756867e-08,0.7391573324789514
100000.0,460,0.6509878039360046,0.739254355430603,0.9900010663786788,1.066378678804547e-06,17.07635498046875,5.6858174330446566e-08,0.7392542985724287
100000.0,470,0.6511588096618652,0.7393452525138855,0.9900013645509889,1.3645509888693397e-06,17.090564727783203,9.309997006121464e-08,0.7393451594139154
100000.0,480,0.6513189077377319,0.7394315004348755,0.990002497605767,2.497605766982325e-06,17.104433059692383,3.1190172836316834e-07,0.7394311885331472
100000.0,490,0.6514770984649658,0.7395135760307312,0.990003571026083,3.571026083060147e-06,17.117944717407227,6.376113642947948e-07,0.7395129384193669
100000.0,500,0.6516290903091431,0.7395915985107422,0.9900045251774752,4.5251774751786655e-06,17.131145477294922,1.0238615590932181e-06,0.7395905746491831
1000000.0,0,0.6706081628799438,0.7140463590621948,0.9826020397741595,0.007397960225840494,12.88380241394043,27.364907751558967,-26.650861392496772
1000000.0,10,0.6013045907020569,0.6615191102027893,0.985787891637927,0.004212108362072975,13.363517761230469,8.870928426922541,-8.209409316719752
1000000.0,20,0.5594293475151062,0.6262260675430298,0.9870637709525538,0.0029362290474461705,13.872194290161133,4.310720509533323,-3.684494441990293
1000000.0,30,0.5418912768363953,0.6140784621238708,0.9878968047523212,0.0021031952476787685,14.342435836791992,2.2117151249292784,-1.5976366628054075
1000000.0,40,0.5357270836830139,0.6127626895904541,0.9884911218006769,0.0015088781993231049,14.737634658813477,1.1383567101962677,-0.5255940206058136
1000000.0,50,0.535274088382721,0.6164891123771667,0.9889148246532323,0.001085175346767664,15.051137924194336,0.5888027666161598,0.027686345761006925
1000000.0,60,0.5375403165817261,0.6221323609352112,0.9892162172242126,0.0007837827757873894,15.291559219360352,0.30715771981049256,0.3149746411247186
1000000.0,70,0.5413368940353394,0.6285971403121948,0.9894311994597457,0.0005688005402543217,15.47299861907959,0.16176702729680412,0.4668301130153907
1000000.0,80,0.5458713173866272,0.6351690888404846,0.9895854738129563,0.00041452618704374,15.609665870666504,0.08591597987251086,0.5492531089679737
1000000.0,90,0.5509323477745056,0.6417945623397827,0.989696036105516,0.00030396389448394956,15.712307929992676,0.04619702457492481,0.5955975377648579
1000000.0,100,0.5562599301338196,0.6482418179512024,0.9897752903055226,0.00022470969447740963,15.789945602416992,0.025247223396065388,0.622994594555137
1000000.0,110,0.5614818930625916,0.6542336344718933,0.9898310485274986,0.00016895147250139964,15.848794937133789,0.014272300030195598,0.6399613344416977
1000000.0,120,0.5665666460990906,0.6598207950592041,0.9898698705622647,0.0001301294377352713,15.89388656616211,0.008466835282648924,0.6513539597765552
1000000.0,130,0.5713893175125122,0.6649705767631531,0.9898971235114017,0.00010287648859830245,15.929020881652832,0.005291785953158327,0.6596787908099947
1000000.0,140,0.5758711099624634,0.6696543097496033,0.9899165643460157,8.343565398427621e-05,15.957036972045898,0.0034807541778919334,0.6661735555717113
1000000.0,150,0.5798819661140442,0.6737583875656128,0.9899292068519611,7.079314803892789e-05,15.980029106140137,0.0025058349046307798,0.671252552660982
1000000.0,160,0.5834528803825378,0.6773672699928284,0.9899391658071162,6.083419288382963e-05,15.999526023864746,0.0018503995119134938,0.6755168704809149
1000000.0,170,0.5866863131523132,0.6806097030639648,0.989946799018253,5.3200981746992504e-05,16.016469955444336,0.0014151722294219148,0.679194530834543
1000000.0,180,0.5896334052085876,0.6835502982139587,0.9899519872164475,4.801278355248684e-05,16.031599044799805,0.0011526136922289753,0.6823976845217298
1000000.0,190,0.5923377275466919,0.6862366199493408,0.9899558634564779,4.413654352208862e-05,16.045469284057617,0.0009740172370386115,0.6852626027123022
1000000.0,200,0.5948299169540405,0.6887026429176331,0.9899591433518883,4.085664811170897e-05,16.058422088623047,0.0008346328474620061,0.6878680100701711
1000000.0,210,0.5971314311027527,0.6909777522087097,0.9899616479992925,3.835200070745337e-05,16.070701599121094,0.000735437979132252,0.6902423142295775
1000000.0,220,0.5992527604103088,0.6930758357048035,0.9899638544743868,3.614552561315154e-05,16.08246612548828,0.000653249510925497,0.692422586193878
1000000.0,230,0.6011937856674194,0.6949982047080994,0.9899675518110312,3.244818896874779e-05,16.093782424926758,0.000526442483675783,0.6944717622244235
1000000.0,240,0.6029924750328064,0.6967813968658447,0.9899688637691954,3.113623080464034e-05,16.10462188720703,0.00048473243435991705,0.6962966644314849
1000000.0,250,0.6046773195266724,0.6984531879425049,0.9899707124375176,2.9287562482438467e-05,16.11505699157715,0.00042888065808136867,0.6980243072844236
1000000.0,260,0.6062780022621155,0.7000433802604675,0.9899722032990677,2.779670093233655e-05,16.125137329101562,0.0003863282913608798,0.6996570519691067
1000000.0,270,0.6077926158905029,0.701553463935852,0.9899742905052379,2.5709494762105045e-05,16.134986877441406,0.00033048906046135337,0.7012229748753906
1000000.0,280,0.6092341542243958,0.7029864192008972,0.989974886849858,2.511315014197546e-05,16.144588470458984,0.00031533515502670103,0.7026710840458705
1000000.0,290,0.6106119155883789,0.7043519020080566,0.9899755428289401,2.4457171059921734e-05,16.153995513916016,0.0002990766081271366,0.7040528253999295
1000000.0,300,0.6119435429573059,0.705676794052124,0.9899769144215662,2.308557843377912e-05,16.163240432739258,0.00026647196581108384,0.7054103220863129
1000000.0,310,0.6132296919822693,0.7069621682167053,0.9899782263797303,2.1773620269671667e-05,16.1723575592041,0.00023704526982392844,0.7067251229468814
1000000.0,320,0.6144189834594727,0.7081415057182312,0.9899790016277364,2.0998372263547616e-05,16.18141746520996,0.0002204658188592629,0.7079210398993719
1000000.0,330,0.6155210137367249,0.709223747253418,0.9899795979723565,2.0402027643529053e-05,16.190420150756836,0.0002081213659836618,0.7090156258874343
1000000.0,340,0.6165562868118286,0.7102407217025757,0.9899801346825146,1.986531748543463e-05,16.199373245239258,0.00019731541939855743,0.7100434062831771
1000000.0,350,0.6175358891487122,0.7112088799476624,0.9899810888339067,1.8911166093316112e-05,16.208293914794922,0.0001788161015044945,0.7110300638461579
1000000.0,360,0.6184803247451782,0.7121416330337524,0.9899815062751407,1.8493724859292016e-05,16.2171630859375,0.00017100892958559773,0.7119706241041669
1000000.0,370,0.6193630695343018,0.7130028605461121,0.9899823411576087,1.7658842391243823e-05,16.22605323791504,0.00015591735729939492,0.7128469431888127
1000000.0,380,0.6201922297477722,0.7138090133666992,0.9899829375022289,1.7062497771114238e-05,16.23494529724121,0.00014556441509463915,0.7136634489516046
1000000.0,390,0.6209803223609924,0.7145751714706421,0.9899834742123869,1.6525787613130838e-05,16.2437744140625,0.00013655082811715432,0.714438620642525
1000000.0,400,0.6217462420463562,0.7153139114379883,0.989984607267165,1.5392732835017853e-05,16.252473831176758,0.00011846811206511838,0.7151954433259231
1000000.0,410,0.6224838495254517,0.7160266041755676,0.989984547632703,1.5452367296941993e-05,16.261125564575195,0.0001193878275398012,0.7159072163480278
1000000.0,420,0.6231974959373474,0.7167156338691711,0.9899847861705511,1.5213829448912364e-05,16.269737243652344,0.00011573030325029654,0.7165999035659208
1000000.0,430,0.6238853335380554,0.7173802256584167,0.989984845805013,1.5154194986988223e-05,16.27834701538086,0.00011482481285182949,0.7172654008455649
1000000.0,440,0.624549925327301,0.7180202007293701,0.9899856210530191,1.4378946980864171e-05,16.286945343017578,0.00010337705813925143,0.7179168236712309
1000000.0,450,0.6251980662345886,0.7186346650123596,0.9899864559354872,1.3544064512815979e-05,16.29549217224121,9.172084176366057e-05,0.7185429441705959
1000000.0,460,0.6258241534233093,0.7192225456237793,0.9899860981287152,1.3901871284804912e-05,16.304018020629883,9.663101260964169e-05,0.7191259146111697
1000000.0,470,0.626416802406311,0.7197835445404053,0.9899865155699492,1.3484430050780816e-05,16.312597274780273,9.091492689720035e-05,0.7196926296135081
1000000.0,480,0.6269973516464233,0.7203252911567688,0.9899868137422593,1.3186257740716023e-05,16.321115493774414,8.693869660229661e-05,0.7202383524601665
1000000.0,490,0.6275615692138672,0.7208501100540161,0.9899872311834933,1.2768816506691927e-05,16.32960319519043,8.152133749078412e-05,0.7207685887165254
1000000.0,500,0.6281120181083679,0.7213622331619263,0.9899877678936514,1.2232106348597505e-05,16.33806610107422,7.481221286169968e-05,0.7212874209490646
