section,dataset,method,variant,init,index_name,k,value,run_id
5.3.1,singlecell,PCA,framework_linear,pca,procrustes,15,1.981867171165297e-07,
5.3.1,singlecell,PCA,framework_linear,pca,knn_overlap,15,0.9985342431134697,
5.3.1,singlecell,PCA,framework_linear,pca,trustworthiness,15,0.8252095301740363,
5.3.1,singlecell,PCA,framework_linear,pca,ari,,0.5496320177536987,
5.3.1,singlecell,PCA,framework_linear,pca,rv_final,,0.8102056384086609,
5.3.1,singlecell,PCA,framework_projector,pca,procrustes,15,0.01766582156917361,
5.3.1,singlecell,PCA,framework_projector,pca,knn_overlap,15,0.9100581248420522,
5.3.1,singlecell,PCA,framework_projector,pca,trustworthiness,15,0.8253358981904421,
5.3.1,singlecell,PCA,framework_projector,pca,ari,,0.5555785456356601,
5.3.1,singlecell,PCA,framework_projector,pca,rv_final,,0.7834699153900146,
5.3.1,singlecell,PCA,reference,pca,trustworthiness,15,0.8251779188416974,
5.3.1,singlecell,PCA,reference,pca,ari,,0.548970163632591,
5.3.1,singlecell,Kernel PCA (RBF),framework_linear,pca,procrustes,15,3.0937887583406644e-13,
5.3.1,singlecell,Kernel PCA (RBF),framework_linear,pca,knn_overlap,15,0.9999747283295426,
5.3.1,singlecell,Kernel PCA (RBF),framework_linear,pca,trustworthiness,15,0.7738978048437529,
5.3.1,singlecell,Kernel PCA (RBF),framework_linear,pca,ari,,0.42863074173317606,
5.3.1,singlecell,Kernel PCA (RBF),framework_linear,pca,rv_final,,0.8564151525497437,
5.3.1,singlecell,Kernel PCA (RBF),framework_projector,pca,procrustes,15,0.029307101369075984,
5.3.1,singlecell,Kernel PCA (RBF),framework_projector,pca,knn_overlap,15,0.8799342936568108,
5.3.1,singlecell,Kernel PCA (RBF),framework_projector,pca,trustworthiness,15,0.7738681843198707,
5.3.1,singlecell,Kernel PCA (RBF),framework_projector,pca,ari,,0.39397827440131106,
5.3.1,singlecell,Kernel PCA (RBF),framework_projector,pca,rv_final,,0.8114880919456482,
5.3.1,singlecell,Kernel PCA (RBF),reference,pca,trustworthiness,15,0.7738994574080544,
5.3.1,singlecell,Kernel PCA (RBF),reference,pca,ari,,0.42863074173317606,
5.3.1,singlecell,Isomap,framework_linear,pca,procrustes,15,0.006269899130449796,
5.3.1,singlecell,Isomap,framework_linear,pca,knn_overlap,15,0.4844831943391458,
5.3.1,singlecell,Isomap,framework_linear,pca,trustworthiness,15,0.8281998887659935,
5.3.1,singlecell,Isomap,framework_linear,pca,ari,,0.569557956873539,
5.3.1,singlecell,Isomap,framework_linear,pca,rv_final,,0.9484736323356628,
5.3.1,singlecell,Isomap,framework_projector,pca,procrustes,15,0.03463309033741046,
5.3.1,singlecell,Isomap,framework_projector,pca,knn_overlap,15,0.4721253474854688,
5.3.1,singlecell,Isomap,framework_projector,pca,trustworthiness,15,0.8282218069872544,
5.3.1,singlecell,Isomap,framework_projector,pca,ari,,0.80484404802101,
5.3.1,singlecell,Isomap,framework_projector,pca,rv_final,,0.9037401676177979,
5.3.1,singlecell,Isomap,reference,pca,trustworthiness,15,0.8272325974590133,
5.3.1,singlecell,Isomap,reference,pca,ari,,0.5623971084246042,
5.3.1,singlecell,LLE,framework_linear,pca,procrustes,15,0.38421552771253564,
5.3.1,singlecell,LLE,framework_linear,pca,knn_overlap,15,0.23495072024260802,
5.3.1,singlecell,LLE,framework_linear,pca,trustworthiness,15,0.7627784631248637,
5.3.1,singlecell,LLE,framework_linear,pca,ari,,0.35342706566672555,
5.3.1,singlecell,LLE,framework_linear,pca,rv_final,,0.9999507069587708,
5.3.1,singlecell,LLE,framework_projector,pca,procrustes,15,0.0658762369738754,
5.3.1,singlecell,LLE,framework_projector,pca,knn_overlap,15,0.10856709628506443,
5.3.1,singlecell,LLE,framework_projector,pca,trustworthiness,15,0.7736515727628411,
5.3.1,singlecell,LLE,framework_projector,pca,ari,,0.6237125172429451,
5.3.1,singlecell,LLE,framework_projector,pca,rv_final,,0.7173985838890076,
5.3.1,singlecell,LLE,reference,pca,trustworthiness,15,0.7855702047488513,
5.3.1,singlecell,LLE,reference,pca,ari,,0.37179573152329826,
5.3.1,singlecell,Diffusion Maps,framework_linear,pca,procrustes,15,0.035461086803675004,
5.3.1,singlecell,Diffusion Maps,framework_linear,pca,knn_overlap,15,0.5228455900935052,
5.3.1,singlecell,Diffusion Maps,framework_linear,pca,trustworthiness,15,0.7691001787378757,
5.3.1,singlecell,Diffusion Maps,framework_linear,pca,ari,,0.4473980233053309,
5.3.1,singlecell,Diffusion Maps,framework_linear,pca,rv_final,,0.6815879940986633,
5.3.1,singlecell,Diffusion Maps,framework_projector,pca,procrustes,15,0.02878345324708716,
5.3.1,singlecell,Diffusion Maps,framework_projector,pca,knn_overlap,15,0.4706343189284812,
5.3.1,singlecell,Diffusion Maps,framework_projector,pca,trustworthiness,15,0.7589359901928523,
5.3.1,singlecell,Diffusion Maps,framework_projector,pca,ari,,0.42205047593823825,
5.3.1,singlecell,Diffusion Maps,framework_projector,pca,rv_final,,0.6819356679916382,
5.3.1,singlecell,Diffusion Maps,reference,pca,trustworthiness,15,0.6774866526440304,
5.3.1,singlecell,Diffusion Maps,reference,pca,ari,,0.24459917774739276,
5.3.1,singlecell,Laplacian Eigenmaps,framework_linear,pca,procrustes,15,0.10639325793505071,
5.3.1,singlecell,Laplacian Eigenmaps,framework_linear,pca,knn_overlap,15,0.09009350518069242,
5.3.1,singlecell,Laplacian Eigenmaps,framework_linear,pca,trustworthiness,15,0.8020870147585589,
5.3.1,singlecell,Laplacian Eigenmaps,framework_linear,pca,ari,,0.47443510372740444,
5.3.1,singlecell,Laplacian Eigenmaps,framework_linear,pca,rv_final,,0.9501218199729919,
5.3.1,singlecell,Laplacian Eigenmaps,framework_projector,pca,procrustes,15,0.09657445612249127,
5.3.1,singlecell,Laplacian Eigenmaps,framework_projector,pca,knn_overlap,15,0.09160980540813747,
5.3.1,singlecell,Laplacian Eigenmaps,framework_projector,pca,trustworthiness,15,0.8027154627349167,
5.3.1,singlecell,Laplacian Eigenmaps,framework_projector,pca,ari,,0.47770813920770955,
5.3.1,singlecell,Laplacian Eigenmaps,framework_projector,pca,rv_final,,0.9291799664497375,
5.3.1,singlecell,Laplacian Eigenmaps,reference,pca,trustworthiness,15,0.8297432678540969,
5.3.1,singlecell,Laplacian Eigenmaps,reference,pca,ari,,0.7503038741287572,
5.3.1,mnist,PCA,framework_linear,pca,procrustes,15,5.88869364535699e-07,
5.3.1,mnist,PCA,framework_linear,pca,knn_overlap,15,0.9984666666666667,
5.3.1,mnist,PCA,framework_linear,pca,trustworthiness,15,0.7408082616759399,
5.3.1,mnist,PCA,framework_linear,pca,ari,,0.23144741463995794,
5.3.1,mnist,PCA,framework_linear,pca,rv_final,,0.6791595816612244,
5.3.1,mnist,PCA,framework_projector,pca,procrustes,15,0.004344164195131706,
5.3.1,mnist,PCA,framework_projector,pca,knn_overlap,15,0.9530333333333334,
5.3.1,mnist,PCA,framework_projector,pca,trustworthiness,15,0.7407048727027483,
5.3.1,mnist,PCA,framework_projector,pca,ari,,0.22827221752713606,
5.3.1,mnist,PCA,framework_projector,pca,rv_final,,0.6733601093292236,
5.3.1,mnist,PCA,reference,pca,trustworthiness,15,0.7409499241274659,
5.3.1,mnist,PCA,reference,pca,ari,,0.23177710727315043,
5.3.1,mnist,Kernel PCA (RBF),framework_linear,pca,procrustes,15,3.2193137432373076e-09,
5.3.1,mnist,Kernel PCA (RBF),framework_linear,pca,knn_overlap,15,0.9999000000000001,
5.3.1,mnist,Kernel PCA (RBF),framework_linear,pca,trustworthiness,15,0.7299877423705952,
5.3.1,mnist,Kernel PCA (RBF),framework_linear,pca,ari,,0.20866866118420085,
5.3.1,mnist,Kernel PCA (RBF),framework_linear,pca,rv_final,,0.6985769867897034,
5.3.1,mnist,Kernel PCA (RBF),framework_projector,pca,procrustes,15,0.006944879498505908,
5.3.1,mnist,Kernel PCA (RBF),framework_projector,pca,knn_overlap,15,0.9422333333333334,
5.3.1,mnist,Kernel PCA (RBF),framework_projector,pca,trustworthiness,15,0.7298562468386445,
5.3.1,mnist,Kernel PCA (RBF),framework_projector,pca,ari,,0.21804845856781943,
5.3.1,mnist,Kernel PCA (RBF),framework_projector,pca,rv_final,,0.6891362071037292,
5.3.1,mnist,Kernel PCA (RBF),reference,pca,trustworthiness,15,0.7299621648963075,
5.3.1,mnist,Kernel PCA (RBF),reference,pca,ari,,0.20866866118420085,
5.3.1,mnist,Isomap,framework_linear,pca,procrustes,15,0.004327240170844356,
5.3.1,mnist,Isomap,framework_linear,pca,knn_overlap,15,0.6419333333333332,
5.3.1,mnist,Isomap,framework_linear,pca,trustworthiness,15,0.7656083291181925,
5.3.1,mnist,Isomap,framework_linear,pca,ari,,0.26651128606555263,
5.3.1,mnist,Isomap,framework_linear,pca,rv_final,,0.7199309468269348,
5.3.1,mnist,Isomap,framework_projector,pca,procrustes,15,0.007522695210258565,
5.3.1,mnist,Isomap,framework_projector,pca,knn_overlap,15,0.6395666666666666,
5.3.1,mnist,Isomap,framework_projector,pca,trustworthiness,15,0.765140735120553,
5.3.1,mnist,Isomap,framework_projector,pca,ari,,0.2570694620817173,
5.3.1,mnist,Isomap,framework_projector,pca,rv_final,,0.7152775526046753,
5.3.1,mnist,Isomap,reference,pca,trustworthiness,15,0.7633350193896477,
5.3.1,mnist,Isomap,reference,pca,ari,,0.2720059057986047,
5.3.1,mnist,LLE,framework_linear,pca,procrustes,15,0.028296939173553415,
5.3.1,mnist,LLE,framework_linear,pca,knn_overlap,15,0.8877666666666669,
5.3.1,mnist,LLE,framework_linear,pca,trustworthiness,15,0.7482102512223909,
5.3.1,mnist,LLE,framework_linear,pca,ari,,0.2555078572655466,
5.3.1,mnist,LLE,framework_linear,pca,rv_final,,0.9183233380317688,
5.3.1,mnist,LLE,framework_projector,pca,procrustes,15,9.359295259686356e-09,
5.3.1,mnist,LLE,framework_projector,pca,knn_overlap,15,0.9997999999999999,
5.3.1,mnist,LLE,framework_projector,pca,trustworthiness,15,0.7481535660091048,
5.3.1,mnist,LLE,framework_projector,pca,ari,,0.26196032463231883,
5.3.1,mnist,LLE,framework_projector,pca,rv_final,,0.8716397285461426,
5.3.1,mnist,LLE,reference,pca,trustworthiness,15,0.7481177710335525,
5.3.1,mnist,LLE,reference,pca,ari,,0.26196032463231883,
5.3.1,mnist,Diffusion Maps,framework_linear,pca,procrustes,15,0.0011097025848413695,
5.3.1,mnist,Diffusion Maps,framework_linear,pca,knn_overlap,15,0.8513666666666668,
5.3.1,mnist,Diffusion Maps,framework_linear,pca,trustworthiness,15,0.7752231495531952,
5.3.1,mnist,Diffusion Maps,framework_linear,pca,ari,,0.2882690035692429,
5.3.1,mnist,Diffusion Maps,framework_linear,pca,rv_final,,0.6521508693695068,
5.3.1,mnist,Diffusion Maps,framework_projector,pca,procrustes,15,0.0024099419625396943,
5.3.1,mnist,Diffusion Maps,framework_projector,pca,knn_overlap,15,0.8511333333333334,
5.3.1,mnist,Diffusion Maps,framework_projector,pca,trustworthiness,15,0.7749659753835778,
5.3.1,mnist,Diffusion Maps,framework_projector,pca,ari,,0.2826414966639233,
5.3.1,mnist,Diffusion Maps,framework_projector,pca,rv_final,,0.6515522003173828,
5.3.1,mnist,Diffusion Maps,reference,pca,trustworthiness,15,0.7759197437194403,
5.3.1,mnist,Diffusion Maps,reference,pca,ari,,0.28692123416042403,
5.3.1,mnist,Laplacian Eigenmaps,framework_linear,pca,procrustes,15,0.02517162667548802,
5.3.1,mnist,Laplacian Eigenmaps,framework_linear,pca,knn_overlap,15,0.34313333333333335,
5.3.1,mnist,Laplacian Eigenmaps,framework_linear,pca,trustworthiness,15,0.7861939133367055,
5.3.1,mnist,Laplacian Eigenmaps,framework_linear,pca,ari,,0.2817434264034008,
5.3.1,mnist,Laplacian Eigenmaps,framework_linear,pca,rv_final,,0.5073037147521973,
5.3.1,mnist,Laplacian Eigenmaps,framework_projector,pca,procrustes,15,0.021177249974348687,
5.3.1,mnist,Laplacian Eigenmaps,framework_projector,pca,knn_overlap,15,0.3428333333333334,
5.3.1,mnist,Laplacian Eigenmaps,framework_projector,pca,trustworthiness,15,0.786096931377508,
5.3.1,mnist,Laplacian Eigenmaps,framework_projector,pca,ari,,0.27700506407797054,
5.3.1,mnist,Laplacian Eigenmaps,framework_projector,pca,rv_final,,0.5026912689208984,
5.3.1,mnist,Laplacian Eigenmaps,reference,pca,trustworthiness,15,0.8171346653178216,
5.3.1,mnist,Laplacian Eigenmaps,reference,pca,ari,,0.2861339378858548,
5.3.1,swissroll,PCA,framework_linear,pca,procrustes,15,1.2363123053370034e-09,
5.3.1,swissroll,PCA,framework_linear,pca,knn_overlap,15,0.9999,
5.3.1,swissroll,PCA,framework_linear,pca,trustworthiness,15,0.9586481537683359,
5.3.1,swissroll,PCA,framework_linear,pca,rv_final,,0.8771896958351135,
5.3.1,swissroll,PCA,framework_projector,pca,procrustes,15,0.0041594939600012055,
5.3.1,swissroll,PCA,framework_projector,pca,knn_overlap,15,0.9626666666666668,
5.3.1,swissroll,PCA,framework_projector,pca,trustworthiness,15,0.9591346653178217,
5.3.1,swissroll,PCA,framework_projector,pca,rv_final,,0.8700119256973267,
5.3.1,swissroll,PCA,reference,pca,trustworthiness,15,0.9586606137244984,
5.3.1,swissroll,Kernel PCA (RBF),framework_linear,pca,procrustes,15,1.8782652584244156e-11,
5.3.1,swissroll,Kernel PCA (RBF),framework_linear,pca,knn_overlap,15,1.0,
5.3.1,swissroll,Kernel PCA (RBF),framework_linear,pca,trustworthiness,15,0.8734477828359467,
5.3.1,swissroll,Kernel PCA (RBF),framework_linear,pca,rv_final,,0.8264512419700623,
5.3.1,swissroll,Kernel PCA (RBF),framework_projector,pca,procrustes,15,0.0017567612542471677,
5.3.1,swissroll,Kernel PCA (RBF),framework_projector,pca,knn_overlap,15,0.9707666666666667,
5.3.1,swissroll,Kernel PCA (RBF),framework_projector,pca,trustworthiness,15,0.8731438543247345,
5.3.1,swissroll,Kernel PCA (RBF),framework_projector,pca,rv_final,,0.8235676884651184,
5.3.1,swissroll,Kernel PCA (RBF),reference,pca,trustworthiness,15,0.8734477828359467,
5.3.1,swissroll,Isomap,framework_linear,pca,procrustes,15,0.02664059335406025,
5.3.1,swissroll,Isomap,framework_linear,pca,knn_overlap,15,0.6775666666666667,
5.3.1,swissroll,Isomap,framework_linear,pca,trustworthiness,15,0.9959369752149722,
5.3.1,swissroll,Isomap,framework_linear,pca,rv_final,,0.9988808631896973,
5.3.1,swissroll,Isomap,framework_projector,pca,procrustes,15,0.29765892974387553,
5.3.1,swissroll,Isomap,framework_projector,pca,knn_overlap,15,0.5742,
5.3.1,swissroll,Isomap,framework_projector,pca,trustworthiness,15,0.9955424717585567,
5.3.1,swissroll,Isomap,framework_projector,pca,rv_final,,0.7393707036972046,
5.3.1,swissroll,Isomap,reference,pca,trustworthiness,15,0.9998796324397234,
5.3.1,swissroll,LLE,framework_linear,pca,procrustes,15,0.48850329269520426,
5.3.1,swissroll,LLE,framework_linear,pca,knn_overlap,15,0.1786666666666667,
5.3.1,swissroll,LLE,framework_linear,pca,trustworthiness,15,0.9423526049570056,
5.3.1,swissroll,LLE,framework_linear,pca,rv_final,,0.9998667240142822,
5.3.1,swissroll,LLE,framework_projector,pca,procrustes,15,0.667431099567013,
5.3.1,swissroll,LLE,framework_projector,pca,knn_overlap,15,0.2625,
5.3.1,swissroll,LLE,framework_projector,pca,trustworthiness,15,0.9566334007755859,
5.3.1,swissroll,LLE,framework_projector,pca,rv_final,,0.7074596881866455,
5.3.1,swissroll,LLE,reference,pca,trustworthiness,15,0.9966063227111785,
5.3.1,swissroll,Diffusion Maps,framework_linear,pca,procrustes,15,3.417625972695409e-05,
5.3.1,swissroll,Diffusion Maps,framework_linear,pca,knn_overlap,15,0.9772333333333334,
5.3.1,swissroll,Diffusion Maps,framework_linear,pca,trustworthiness,15,0.8793824481537683,
5.3.1,swissroll,Diffusion Maps,framework_linear,pca,rv_final,,0.310455858707428,
5.3.1,swissroll,Diffusion Maps,framework_projector,pca,procrustes,15,8.867849248452885e-05,
5.3.1,swissroll,Diffusion Maps,framework_projector,pca,knn_overlap,15,0.9778333333333334,
5.3.1,swissroll,Diffusion Maps,framework_projector,pca,trustworthiness,15,0.8794790085988872,
5.3.1,swissroll,Diffusion Maps,framework_projector,pca,rv_final,,0.3104429543018341,
5.3.1,swissroll,Diffusion Maps,reference,pca,trustworthiness,15,0.8792363176530096,
5.3.1,swissroll,Laplacian Eigenmaps,framework_linear,pca,procrustes,15,0.10794499747668773,
5.3.1,swissroll,Laplacian Eigenmaps,framework_linear,pca,knn_overlap,15,0.40340000000000004,
5.3.1,swissroll,Laplacian Eigenmaps,framework_linear,pca,trustworthiness,15,0.8741399258135222,
5.3.1,swissroll,Laplacian Eigenmaps,framework_linear,pca,rv_final,,0.983852207660675,
5.3.1,swissroll,Laplacian Eigenmaps,framework_projector,pca,procrustes,15,0.0031977192071710164,
5.3.1,swissroll,Laplacian Eigenmaps,framework_projector,pca,knn_overlap,15,0.4387,
5.3.1,swissroll,Laplacian Eigenmaps,framework_projector,pca,trustworthiness,15,0.875084892935424,
5.3.1,swissroll,Laplacian Eigenmaps,framework_projector,pca,rv_final,,0.83853679895401,
5.3.1,swissroll,Laplacian Eigenmaps,reference,pca,trustworthiness,15,0.8761582363850953,
5.3.2,singlecell,t-SNE,framework,pca,procrustes,15,0.18269823715228692,
5.3.2,singlecell,t-SNE,framework,pca,knn_overlap,15,0.28890573666919384,
5.3.2,singlecell,t-SNE,framework,pca,hyperparam,,100.0,
5.3.2,singlecell,t-SNE,framework,pca,rv_final,,0.5920235514640808,
5.3.2,singlecell,t-SNE,framework,pca,trustworthiness,15,0.8952022385964608,
5.3.2,singlecell,t-SNE,framework,pca,ari,,0.4315723124729019,
5.3.2,singlecell,t-SNE,reference,pca,trustworthiness,15,0.8830909137472572,
5.3.2,singlecell,t-SNE,reference,pca,ari,,0.4987100022947471,
5.3.2,singlecell,UMAP,framework,pca,procrustes,15,0.46737188642687905,
5.3.2,singlecell,UMAP,framework,pca,knn_overlap,15,0.15294414960828911,
5.3.2,singlecell,UMAP,framework,pca,hyperparam,,100.0,
5.3.2,singlecell,UMAP,framework,pca,rv_final,,0.46956586837768555,
5.3.2,singlecell,UMAP,framework,pca,trustworthiness,15,0.8963954866632746,
5.3.2,singlecell,UMAP,framework,pca,ari,,0.46367157141950444,
5.3.2,singlecell,UMAP,reference,pca,trustworthiness,15,0.8604504059171466,
5.3.2,singlecell,UMAP,reference,pca,ari,,0.5135481116144273,
5.3.2,mnist,t-SNE,framework,pca,procrustes,15,0.25464119161683374,
5.3.2,mnist,t-SNE,framework,pca,knn_overlap,15,0.5852666666666666,
5.3.2,mnist,t-SNE,framework,pca,hyperparam,,30.0,
5.3.2,mnist,t-SNE,framework,pca,rv_final,,0.6705949902534485,
5.3.2,mnist,t-SNE,framework,pca,trustworthiness,15,0.9550549148541562,
5.3.2,mnist,t-SNE,framework,pca,ari,,0.41648993143788,
5.3.2,mnist,t-SNE,reference,pca,trustworthiness,15,0.9516758893947058,
5.3.2,mnist,t-SNE,reference,pca,ari,,0.5265641199897582,
5.3.2,mnist,UMAP,framework,pca,procrustes,15,0.2955764601705147,
5.3.2,mnist,UMAP,framework,pca,knn_overlap,15,0.44693333333333335,
5.3.2,mnist,UMAP,framework,pca,hyperparam,,50.0,
5.3.2,mnist,UMAP,framework,pca,rv_final,,0.6222470998764038,
5.3.2,mnist,UMAP,framework,pca,trustworthiness,15,0.9540024953633451,
5.3.2,mnist,UMAP,framework,pca,ari,,0.39238000403663625,
5.3.2,mnist,UMAP,reference,pca,trustworthiness,15,0.9346662788737143,
5.3.2,mnist,UMAP,reference,pca,ari,,0.500173624096234,
5.3.2,swissroll,t-SNE,framework,pca,procrustes,15,0.7652525533858856,
5.3.2,swissroll,t-SNE,framework,pca,knn_overlap,15,0.8871666666666668,
5.3.2,swissroll,t-SNE,framework,pca,hyperparam,,30.0,
5.3.2,swissroll,t-SNE,framework,pca,rv_final,,0.8904021978378296,
5.3.2,swissroll,t-SNE,framework,pca,trustworthiness,15,0.9997041308379699,
5.3.2,swissroll,t-SNE,reference,pca,trustworthiness,15,0.9995124936772888,
5.3.2,swissroll,UMAP,framework,pca,procrustes,15,0.37325374433209085,
5.3.2,swissroll,UMAP,framework,pca,knn_overlap,15,0.8093666666666668,
5.3.2,swissroll,UMAP,framework,pca,hyperparam,,15.0,
5.3.2,swissroll,UMAP,framework,pca,rv_final,,0.7889196872711182,
5.3.2,swissroll,UMAP,framework,pca,trustworthiness,15,0.9986912325071657,
5.3.2,swissroll,UMAP,reference,pca,trustworthiness,15,0.9988536165907941,
5.3.3,singlecell,supervised_b0.0,framework,pca,rv_final,,0.517748236656189,
5.3.3,singlecell,supervised_b0.0,train,pca,trustworthiness,15,0.8953217653247785,
5.3.3,singlecell,supervised_b0.0,train,pca,ari,,0.3964481909653494,
5.3.3,singlecell,supervised_b0.0,test,pca,trustworthiness,15,0.842323648272933,
5.3.3,singlecell,supervised_b0.0,test,pca,ari,,0.5004767525982078,
5.3.3,singlecell,supervised_b0.25,framework,pca,rv_final,,0.6648823618888855,
5.3.3,singlecell,supervised_b0.25,train,pca,trustworthiness,15,0.8953682996469612,
5.3.3,singlecell,supervised_b0.25,train,pca,ari,,0.43199366829468355,
5.3.3,singlecell,supervised_b0.25,test,pca,trustworthiness,15,0.8416747667397863,
5.3.3,singlecell,supervised_b0.25,test,pca,ari,,0.47532230931856734,
5.3.3,singlecell,supervised_b0.5,framework,pca,rv_final,,0.8124949336051941,
5.3.3,singlecell,supervised_b0.5,train,pca,trustworthiness,15,0.8719892501555602,
5.3.3,singlecell,supervised_b0.5,train,pca,ari,,0.9776664351175887,
5.3.3,singlecell,supervised_b0.5,test,pca,trustworthiness,15,0.8475458967656627,
5.3.3,singlecell,supervised_b0.5,test,pca,ari,,0.8882023472415012,
5.3.3,singlecell,supervised_b0.75,framework,pca,rv_final,,0.9096969962120056,
5.3.3,singlecell,supervised_b0.75,train,pca,trustworthiness,15,0.8562812519376919,
5.3.3,singlecell,supervised_b0.75,train,pca,ari,,0.9647146433135595,
5.3.3,singlecell,supervised_b0.75,test,pca,trustworthiness,15,0.8389197567351013,
5.3.3,singlecell,supervised_b0.75,test,pca,ari,,0.9112605583420806,
5.3.3,singlecell,supervised_b1.0,framework,pca,rv_final,,0.8988004922866821,
5.3.3,singlecell,supervised_b1.0,train,pca,trustworthiness,15,0.8053978427013124,
5.3.3,singlecell,supervised_b1.0,train,pca,ari,,1.0,
5.3.3,singlecell,supervised_b1.0,test,pca,trustworthiness,15,0.8261812971500878,
5.3.3,singlecell,supervised_b1.0,test,pca,ari,,0.9186755834864541,
5.3.3,mnist,supervised_b0.0,framework,pca,rv_final,,0.6739989519119263,
5.3.3,mnist,supervised_b0.0,train,pca,trustworthiness,15,0.9472907632188678,
5.3.3,mnist,supervised_b0.0,train,pca,ari,,0.3735214476859539,
5.3.3,mnist,supervised_b0.0,test,pca,trustworthiness,15,0.8260069324090121,
5.3.3,mnist,supervised_b0.0,test,pca,ari,,0.36087212142539565,
5.3.3,mnist,supervised_b0.25,framework,pca,rv_final,,0.7473141551017761,
5.3.3,mnist,supervised_b0.25,train,pca,trustworthiness,15,0.9407517723138639,
5.3.3,mnist,supervised_b0.25,train,pca,ari,,0.5836947713338847,
5.3.3,mnist,supervised_b0.25,test,pca,trustworthiness,15,0.8197683419988446,
5.3.3,mnist,supervised_b0.25,test,pca,ari,,0.44547982625333743,
5.3.3,mnist,supervised_b0.5,framework,pca,rv_final,,0.8443036675453186,
5.3.3,mnist,supervised_b0.5,train,pca,trustworthiness,15,0.9370484835909673,
5.3.3,mnist,supervised_b0.5,train,pca,ari,,0.8020653454568621,
5.3.3,mnist,supervised_b0.5,test,pca,trustworthiness,15,0.8182441748507606,
5.3.3,mnist,supervised_b0.5,test,pca,ari,,0.48477236303477667,
5.3.3,mnist,supervised_b0.75,framework,pca,rv_final,,0.9071183800697327,
5.3.3,mnist,supervised_b0.75,train,pca,trustworthiness,15,0.9049279316664938,
5.3.3,mnist,supervised_b0.75,train,pca,ari,,1.0,
5.3.3,mnist,supervised_b0.75,test,pca,trustworthiness,15,0.7981867899094935,
5.3.3,mnist,supervised_b0.75,test,pca,ari,,0.534093615580994,
5.3.3,mnist,supervised_b1.0,framework,pca,rv_final,,0.8637687563896179,
5.3.3,mnist,supervised_b1.0,train,pca,trustworthiness,15,0.7449977867690286,
5.3.3,mnist,supervised_b1.0,train,pca,ari,,1.0,
5.3.3,mnist,supervised_b1.0,test,pca,trustworthiness,15,0.7706449066050453,
5.3.3,mnist,supervised_b1.0,test,pca,ari,,0.5275276113391327,
