config,iter,spread,e_diag,e_hollow,frac_diag
full_rv,0,2.9128053188323975,0.00036760096554644406,0.028408195328665897,0.012774658320068084
full_rv,1,2.907850980758667,0.00036762742092832923,0.028524856141302735,0.012723981312873375
full_rv,2,2.9074227809906006,0.00036793947219848633,0.028541792184114456,0.01272718393144062
full_rv,3,2.91097354888916,0.00036849186290055513,0.028489590506069362,0.012769104273428143
full_rv,4,2.917750358581543,0.0003692161990329623,0.028390175779350102,0.012838108653704602
full_rv,5,2.927312135696411,0.00037006899947300553,0.028262536448892206,0.012924740647174837
full_rv,6,2.9395294189453125,0.0003710310556925833,0.028113061969634145,0.013025903804017204
full_rv,7,2.95408296585083,0.0003720786771737039,0.02794962894404307,0.01313757920779349
full_rv,8,2.970684289932251,0.00037319300463423133,0.027782450488302857,0.013254643060381401
full_rv,9,2.9891889095306396,0.00037436390994116664,0.027615768660325557,0.013374853048707773
full_rv,10,3.0095746517181396,0.00037559273187071085,0.02744246495421976,0.013501759760118479
full_rv,11,3.0318360328674316,0.000376884505385533,0.027248313039308414,0.013642780464312818
full_rv,12,3.055908203125,0.00037823771708644927,0.02702499585575424,0.01380266734146733
full_rv,13,3.0816540718078613,0.0003796444507315755,0.026772418874315917,0.013982158415981502
full_rv,14,3.1088790893554688,0.00038109300658106804,0.026494622696191072,0.01417982727588384
full_rv,15,3.137464761734009,0.00038257380947470665,0.026197609025985003,0.014393197061245495
full_rv,16,3.167384147644043,0.00038408112595789135,0.025887146621244028,0.014619839226919984
full_rv,17,3.1986377239227295,0.00038561102701351047,0.025568484619725496,0.014857424903647547
full_rv,18,3.231196165084839,0.0003871590888593346,0.025246123870601878,0.015103765267664814
full_rv,19,3.2650294303894043,0.00038872050936333835,0.02492287618224509,0.015357407677572989
full_rv,20,3.3001115322113037,0.00039029124309308827,0.02459958751569502,0.015617972654462593
full_rv,21,3.336379051208496,0.0003918658767361194,0.02427612731116824,0.01588560016824822
full_rv,22,3.3737194538116455,0.0003934380947612226,0.023952500021550804,0.016160317703987553
full_rv,23,3.4120006561279297,0.0003950019017793238,0.023628601746167988,0.016442241870447884
full_rv,24,3.4510984420776367,0.00039655232103541493,0.02330384514061734,0.0167318848418908
full_rv,25,3.4908833503723145,0.0003980844630859792,0.02297886466840282,0.017028931399339815
full_rv,26,3.5312318801879883,0.00039959451532922685,0.022655273467535153,0.0173323271955505
full_rv,27,3.5720438957214355,0.0004010798584204167,0.02233442830038257,0.017641121351629967
full_rv,28,3.6132428646087646,0.0004025391535833478,0.022017751703970134,0.017954234230985938
full_rv,29,3.6547720432281494,0.0004039714694954455,0.02170650562038645,0.01827059035647445
full_rv,30,3.6965720653533936,0.0004053758457303047,0.021401061676442623,0.018589732748327915
full_rv,31,3.738579511642456,0.0004067519912496209,0.021100809215568006,0.01891204620264829
full_rv,32,3.7807466983795166,0.00040809944039210677,0.02080494217807427,0.019238138864388406
full_rv,33,3.8230464458465576,0.0004094182513654232,0.02051330776885152,0.019568112251234174
full_rv,34,3.8654568195343018,0.0004107081040274352,0.02022635148023255,0.019901483656164117
full_rv,35,3.9079599380493164,0.0004119692894164473,0.019944700732594356,0.020237557958693753
full_rv,36,3.9505350589752197,0.00041320238960906863,0.019668634340632707,0.020575926154544226
full_rv,37,3.9931633472442627,0.0004144080157857388,0.019398254138650373,0.02091632172171026
full_rv,38,4.035830020904541,0.00041558663360774517,0.019133876310661435,0.021258212299359976
full_rv,39,4.0785136222839355,0.000416738010244444,0.018875633337302133,0.021601181251232802
full_rv,40,4.121180534362793,0.00041786261135712266,0.018623275158461183,0.021945254343964025
full_rv,41,4.163794994354248,0.0004189605824649334,0.018376406747847795,0.02229063019104945
full_rv,42,4.206326961517334,0.00042003256385214627,0.018134233978344128,0.022638058092832966
full_rv,43,4.248762607574463,0.0004210796032566577,0.017895587923703715,0.02298887625911586
full_rv,44,4.291111946105957,0.00042210333049297333,0.0176596287637949,0.023344186734539567
full_rv,45,4.333390235900879,0.00042310485150665045,0.017426329315640032,0.023704104429562754
full_rv,46,4.3756103515625,0.0004240846901666373,0.01719647881691344,0.024067600902561194
full_rv,47,4.417759418487549,0.00042504307930357754,0.016971153643680736,0.024433103745142144
full_rv,48,4.459821701049805,0.000425979815190658,0.0167513970809523,0.024798886219135605
full_rv,49,4.501789569854736,0.00042689492693170905,0.016537773481104523,0.02516376487084694
full_rv,50,4.543685436248779,0.00042778922943398356,0.016330168407876045,0.025527527798587506
full_rv,51,4.585546493530273,0.0004286642652004957,0.0161279768217355,0.025890774762202997
full_rv,52,4.627410888671875,0.0004295214603189379,0.015930465277051553,0.0262543892739105
full_rv,53,4.669288158416748,0.00043036177521571517,0.015737025591079146,0.026619129329016798
full_rv,54,4.711149215698242,0.00043118553003296256,0.0155473985360004,0.02698521522627024
full_rv,55,4.752956390380859,0.00043199234642088413,0.015361502533778548,0.027352549242440325
full_rv,56,4.794665336608887,0.00043278204975649714,0.015179362904746085,0.027720857769238282
full_rv,57,4.836246967315674,0.0004335547855589539,0.015001108957221732,0.02808968130334178
full_rv,58,4.877684593200684,0.0004343105247244239,0.014826696016825736,0.02845883877593228
full_rv,59,4.918970584869385,0.00043504993664100766,0.014655844017397612,0.02882863917578453
full_rv,60,4.960099220275879,0.00043577339965850115,0.014488279703073204,0.029199400233890685
full_rv,61,5.001059055328369,0.00043648105929605663,0.014323894894914702,0.029571134275312258
full_rv,62,5.041838645935059,0.0004371732647996396,0.014162733015837148,0.029943566513125033
full_rv,63,5.082427024841309,0.00043785013258457184,0.014004889875650406,0.03031627879023772
full_rv,64,5.122817039489746,0.00043851189548149705,0.013850485382135957,0.03068878011254086
full_rv,65,5.163013935089111,0.00043915887363255024,0.013699558330699801,0.031060729717260645
full_rv,66,5.2030253410339355,0.0004397914744913578,0.013552066404372454,0.03143195694945627
full_rv,67,5.242865085601807,0.0004404104547575116,0.013407864491455257,0.0318025498820671
full_rv,68,5.28254508972168,0.0004410166875459254,0.01326669001718983,0.03217290076636688
full_rv,69,5.322062969207764,0.00044161072582937777,0.013128331018378958,0.032543302996702814
full_rv,70,5.361408710479736,0.00044219294795766473,0.012992617615964264,0.03291396970978789
full_rv,71,5.400575160980225,0.0004427635867614299,0.012859462964115664,0.033284923021570094
full_rv,72,5.4395551681518555,0.0004433229914866388,0.012728893721941859,0.03365591389296613
full_rv,73,5.478342056274414,0.00044387095840647817,0.012600905436556786,0.034026720348986725
full_rv,74,5.516934871673584,0.00044440769124776125,0.012475506286136806,0.03439710914683076
full_rv,75,5.55533504486084,0.0004449334810487926,0.012352682941127568,0.034766902395807806
full_rv,76,5.593547344207764,0.0004454485606402159,0.012232308508828282,0.03513622782005957
full_rv,77,5.631568431854248,0.0004459531046450138,0.01211427291855216,0.035505181500826016
full_rv,78,5.6693925857543945,0.000446447404101491,0.011998518137261271,0.035873735657817145
full_rv,79,5.707015037536621,0.0004469315754249692,0.011885040323249996,0.03624169590209581
full_rv,80,5.744430065155029,0.00044740602606907487,0.011773839069064707,0.036608874348426385
full_rv,81,5.78163480758667,0.00044787084334529936,0.011664896592264995,0.03697510463452018
full_rv,82,5.818631172180176,0.00044832646381109953,0.011558167752809823,0.03734033063460513
full_rv,83,5.855424880981445,0.00044877309119328856,0.011453626269940287,0.03770442224100837
full_rv,84,5.892026424407959,0.000449211394879967,0.011351168097462505,0.03806753801193175
full_rv,85,5.92845344543457,0.0004496414912864566,0.011250623618252575,0.03843002590769258
full_rv,86,5.964723587036133,0.00045006396248936653,0.011151780840009451,0.03879244811070316
full_rv,87,6.000848770141602,0.0004504792159423232,0.01105449500028044,0.039155169535896754
full_rv,88,6.036837100982666,0.0004508876008912921,0.010958657716400921,0.03951845479836348
full_rv,89,6.072694301605225,0.00045128929195925593,0.01086420175852254,0.039882431080181954
full_rv,90,6.108420372009277,0.00045168446376919746,0.010771085042506456,0.04024714786458194
full_rv,91,6.144008636474609,0.00045207308721728623,0.010679326223907992,0.0406124220847474
full_rv,92,6.179446697235107,0.0004524553660303354,0.010588947450742126,0.040978068959048604
full_rv,93,6.214719295501709,0.00045283103827387094,0.010500020696781576,0.041343665488007136
full_rv,94,6.249812126159668,0.00045320019125938416,0.010412618517875671,0.04170879373114996
full_rv,95,6.284719944000244,0.00045356256305240095,0.010326838964829221,0.042072882153725046
full_rv,96,6.3194379806518555,0.00045391853200271726,0.010242684453260154,0.04243576513292104
full_rv,97,6.353970050811768,0.000454267836175859,0.010160194360651076,0.04279706571583597
full_rv,98,6.38831090927124,0.00045461111585609615,0.010079283296363428,0.04315698430855148
full_rv,99,6.422463893890381,0.00045494810910895467,0.009999957110267133,0.043515278193607995
full_rv,100,6.45642614364624,0.00045527901966124773,0.00992202281486243,0.04387258142059672
full_rv,101,6.490205764770508,0.0004556041967589408,0.009845466091064736,0.044228821280589185
full_rv,102,6.523805141448975,0.00045592396054416895,0.009770132950507104,0.04458453189825817
full_rv,103,6.557230472564697,0.0004562380781862885,0.009696053428342566,0.044939418641878594
full_rv,104,6.590484142303467,0.0004565470735542476,0.009623188816476613,0.04529355516207378
full_rv,105,6.623568534851074,0.0004568507138174027,0.009551576600642875,0.045646603553521355
full_rv,106,6.656493186950684,0.00045714923180639744,0.009481297573074698,0.04599805591170207
full_rv,107,6.6892547607421875,0.0004574429476633668,0.009412268525920808,0.046348158088277615
full_rv,108,6.721864223480225,0.0004577317158691585,0.00934448215411976,0.04669676890754027
full_rv,109,6.754309177398682,0.00045801582746207714,0.009277737932279706,0.047044721833045304
full_rv,110,6.786606788635254,0.0004582956316880882,0.0092120494809933,0.04739185896138221
full_rv,111,6.818741321563721,0.0004585709248203784,0.009147237258730456,0.04773892170839345
full_rv,112,6.850738525390625,0.0004588420852087438,0.00908338843146339,0.048085411938755554
full_rv,113,6.8825883865356445,0.00045910905464552343,0.009020406199852005,0.04843170165559895
full_rv,114,6.914297103881836,0.00045937212416902184,0.008958310761954635,0.048777616503298996
full_rv,115,6.945872783660889,0.0004596310027409345,0.008897233725292608,0.049122330620411936
full_rv,116,6.977299690246582,0.0004598859522957355,0.008837106841383502,0.04946609753300002
full_rv,117,7.008584499359131,0.0004601370310410857,0.00877800362650305,0.04980840280509524
full_rv,118,7.039724349975586,0.0004603841225616634,0.008719967969227582,0.05014885245778572
full_rv,119,7.070706844329834,0.0004606276343110949,0.008662816922878847,0.05048834696409556
full_rv,120,7.101539611816406,0.0004608673043549061,0.008606604766100645,0.050826437707654507
full_rv,121,7.132223606109619,0.00046110351104289293,0.008551270584575832,0.051163378944406424
full_rv,122,7.162754058837891,0.0004613362834788859,0.008496677444782108,0.05149984108904066
full_rv,123,7.193140506744385,0.0004615657380782068,0.008442919293884188,0.05183519725412865
full_rv,124,7.223377227783203,0.0004617918166331947,0.008389928203541785,0.05216972696613443
full_rv,125,7.253460884094238,0.0004620144609361887,0.008337726583704352,0.052503188286157285
full_rv,126,7.283398628234863,0.00046223372919484973,0.008286456868518144,0.052834618396001204
full_rv,127,7.3131890296936035,0.0004624497378244996,0.008236073306761682,0.05316416769307989
full_rv,128,7.34283447265625,0.00046266213757917285,0.008186558552552015,0.05349177158897947
full_rv,129,7.372344970703125,0.00046287168515846133,0.008137882046867162,0.053817572224504
full_rv,130,7.401725769042969,0.0004630780313163996,0.008089919341728091,0.054142192627795016
full_rv,131,7.430980205535889,0.00046328152529895306,0.008042562985792756,0.05446625842911061
full_rv,132,7.460115432739258,0.00046348245814442635,0.00799580430611968,0.054789779689510945
full_rv,133,7.489132404327393,0.0004636805970221758,0.007949606282636523,0.055112895073534666
full_rv,134,7.5180277824401855,0.00046387597103603184,0.007903954916400835,0.055435629289841054
full_rv,135,7.546802520751953,0.00046406895853579044,0.007858942961320281,0.055757334364578866
full_rv,136,7.57544469833374,0.000464259268483147,0.007814542768755928,0.05607807342111231
full_rv,137,7.603941440582275,0.00046444719191640615,0.007770725176669657,0.056397992795887204
full_rv,138,7.632284164428711,0.00046463211765512824,0.007727534568402916,0.05671663376257578
full_rv,139,7.660465717315674,0.0004648147150874138,0.007684909738600254,0.057034408675877356
full_rv,140,7.688481330871582,0.00046499469317495823,0.007642865879461169,0.05735109638469935
full_rv,141,7.71633768081665,0.0004651721101254225,0.007601439254358411,0.05766635940507937
full_rv,142,7.744040012359619,0.0004653468495234847,0.007560622529126704,0.05798014265558374
full_rv,143,7.771594524383545,0.0004655192024074495,0.007520435901824385,0.0582922388532796
full_rv,144,7.799008369445801,0.00046568893594667315,0.00748091033892706,0.058602292608251935
full_rv,145,7.8262939453125,0.00046585657401010394,0.007442020170856267,0.05891044954798117
full_rv,146,7.8534464836120605,0.00046602170914411545,0.0074037304148077965,0.05921682180125589
full_rv,147,7.880486011505127,0.00046618483611382544,0.007366022880887613,0.05952151078703827
full_rv,148,7.907405853271484,0.00046634560567326844,0.007328844367293641,0.059824790324612666
full_rv,149,7.934209823608398,0.00046650427975691855,0.007292131747817621,0.06012709941527628
full_rv,150,7.9608988761901855,0.00046666094567626715,0.0072559487307444215,0.0604278819245669
full_rv,151,7.987466812133789,0.00046681598178111017,0.007220166880870238,0.06072811532457337
full_rv,152,8.013910293579102,0.0004669685149565339,0.0071848941734060645,0.06102677661306273
full_rv,153,8.040234565734863,0.0004671198548749089,0.007149960729293525,0.06132531351260543
full_rv,154,8.066433906555176,0.0004672687500715256,0.007115519605576992,0.06162228564950662
full_rv,155,8.092521667480469,0.000467416102765128,0.007081362680764869,0.06191943308564576
full_rv,156,8.118483543395996,0.00046756165102124214,0.007047621067613363,0.062215606529682756
full_rv,157,8.144356727600098,0.0004677054239436984,0.007014235598035157,0.0625112417445918
full_rv,158,8.170096397399902,0.0004678478289861232,0.006981177459238097,0.06280658353056201
full_rv,159,8.195755004882812,0.0004679884295910597,0.006948529975488782,0.06310082494644893
full_rv,160,8.221295356750488,0.00046812737127766013,0.006916241778526455,0.06339436203430839
full_rv,161,8.246724128723145,0.00046826491598039865,0.006884309812448919,0.06368720254821959
full_rv,162,8.272058486938477,0.0004684008890762925,0.006852767779491842,0.06397897798575126
full_rv,163,8.297266960144043,0.00046853505773469806,0.006821556307841092,0.06427012148944336
full_rv,164,8.32237434387207,0.0004686680040322244,0.006790680869016796,0.06456061173367712
full_rv,165,8.347373008728027,0.00046879929141141474,0.006760157266398892,0.06485020177703445
full_rv,166,8.3722505569458,0.0004689290071837604,0.006729939312208444,0.06513926722628978
full_rv,167,8.397027969360352,0.0004690572968684137,0.0067000785493291914,0.06542731326777608
full_rv,168,8.421693801879883,0.00046918430598452687,0.0066705524805001915,0.06571451021453298
full_rv,169,8.446245193481445,0.0004693097434937954,0.006641365122050047,0.06600073162786939
full_rv,170,8.470699310302734,0.0004694336967077106,0.00661254525766708,0.06628566672281971
full_rv,171,8.495041847229004,0.0004695560201071203,0.006584081391338259,0.06656934468239165
full_rv,172,8.51927375793457,0.0004696772084571421,0.0065559641807340086,0.06685186197800158
full_rv,173,8.543407440185547,0.0004697969416156411,0.006528253084979951,0.0671325497574626
full_rv,174,8.567426681518555,0.00046991516137495637,0.0065008983365260065,0.06741181090506242
full_rv,175,8.591333389282227,0.00047003169311210513,0.006473956920672208,0.06768900688849902
full_rv,176,8.615138053894043,0.00047014723531901836,0.0064474104437977076,0.06796433902363204
full_rv,177,8.638825416564941,0.0004702613514382392,0.006421276571927592,0.06823750470033883
full_rv,178,8.66240406036377,0.0004703736922238022,0.006395550532033667,0.06850843045455716
full_rv,179,8.685881614685059,0.00047048486885614693,0.006370234506903216,0.06877710413371842
full_rv,180,8.709245681762695,0.0004705945320893079,0.006345288798911497,0.06904380683115485
full_rv,181,8.732505798339844,0.0004707028274424374,0.0063207095372490585,0.06930853291866329
full_rv,182,8.755660057067871,0.00047081022057682276,0.00629645527806133,0.06957170819906043
full_rv,183,8.778698921203613,0.000470916013000533,0.006272502971114591,0.06983342042216689
full_rv,184,8.801630020141602,0.00047102064127102494,0.006248848920222372,0.07009371788555181
full_rv,185,8.82445240020752,0.00047112419269979,0.006225446471944451,0.07035305327056064
full_rv,186,8.847162246704102,0.0004712269001174718,0.006202294462127611,0.07061143203697536
full_rv,187,8.869773864746094,0.00047132818144746125,0.006179395335493609,0.07086870777996852
full_rv,188,8.892280578613281,0.00047142861876636744,0.0061566842487081885,0.07112561722956767
full_rv,189,8.914690971374512,0.000471527804620564,0.0061342212138697505,0.07138142900989712
full_rv,190,8.937005996704102,0.00047162617556750774,0.006111927563324571,0.0716370207144198
full_rv,191,8.959228515625,0.0004717232077382505,0.006089865288231522,0.07189161710277779
full_rv,192,8.981351852416992,0.00047181957052089274,0.006067995069315657,0.0721457100094025
full_rv,193,9.003384590148926,0.00047191500198096037,0.006046335794962943,0.07239902493506675
full_rv,194,9.02531909942627,0.00047200938570313156,0.006024879199685529,0.07265160537994585
full_rv,195,9.047155380249023,0.00047210280899889767,0.006003644288284704,0.07290321902733538
full_rv,196,9.06889533996582,0.00047219533007591963,0.0059826328651979566,0.07315381847368976
full_rv,197,9.090530395507812,0.00047228659968823195,0.005961841088719666,0.07340336135061963
full_rv,198,9.112070083618164,0.0004723772290162742,0.005941321433056146,0.07365129762171237
full_rv,199,9.13350772857666,0.0004724665777757764,0.005921039613895118,0.07389788382332055
full_rv,200,9.15484619140625,0.0004725553444586694,0.00590104196453467,0.07414264214525751
full_rv,201,9.17608642578125,0.00047264291788451374,0.005881309538381174,0.07438565540704298
full_rv,202,9.197226524353027,0.0004727295017801225,0.005861838872078806,0.07462694754877867
full_rv,203,9.218268394470215,0.00047281529987230897,0.005842635815497488,0.07486643332914526
full_rv,204,9.239212989807129,0.00047289993381127715,0.005823659768793732,0.0751044945409839
full_rv,205,9.260061264038086,0.00047298386925831437,0.005804917251225561,0.07534108297995282
full_rv,206,9.28081226348877,0.000473066873382777,0.00578638567822054,0.07557639737385724
full_rv,207,9.301467895507812,0.0004731487715616822,0.005768030299805105,0.07581079891336381
full_rv,208,9.322030067443848,0.00047323029139079154,0.0057498559763189405,0.07604430840791693
full_rv,209,9.34249496459961,0.00047331087989732623,0.0057318288017995656,0.07627723212959035
full_rv,210,9.362869262695312,0.00047339076991192997,0.005713962513254955,0.07650941335446639
full_rv,211,9.383149147033691,0.0004734695248771459,0.005696232401533052,0.07674106958885632
full_rv,212,9.403338432312012,0.0004735478141810745,0.005678656423697248,0.0769720568224153
full_rv,213,9.423437118530273,0.00047362546320073307,0.0056612408079672605,0.07720224732960011
full_rv,214,9.44344711303711,0.00047370221000164747,0.005643987678922713,0.07743154991547568
full_rv,215,9.463371276855469,0.0004737786075565964,0.005626915110042319,0.07765979239211245
full_rv,216,9.483206748962402,0.0004738536663353443,0.005610018037259579,0.0778868604437117
full_rv,217,9.502957344055176,0.000473928201245144,0.0055932993709575385,0.07811281109949965
full_rv,218,9.522621154785156,0.0004740020085591823,0.005576766765443608,0.07833748508053032
full_rv,219,9.542200088500977,0.00047407523379661143,0.005560392135521397,0.07856123909245523
full_rv,220,9.561695098876953,0.0004741476150229573,0.005544207873754203,0.0787835839719227
full_rv,221,9.581107139587402,0.0004742190649267286,0.005528230365598574,0.07900425824749138
full_rv,222,9.600436210632324,0.0004742900491692126,0.005512551811989397,0.07922207737710732
full_rv,223,9.6196870803833,0.00047435989836230874,0.005497106758411974,0.07943775384296502
full_rv,224,9.63885498046875,0.00047442910727113485,0.00548193568829447,0.07965078089648536
full_rv,225,9.657938957214355,0.00047449761768803,0.00546700885752216,0.0798614997169121
full_rv,226,9.6769380569458,0.00047456540050916374,0.0054523230355698615,0.08006990609445583
full_rv,227,9.69585132598877,0.0004746326885651797,0.0054377625056076795,0.08027756484089027
full_rv,228,9.714677810668945,0.0004746992199216038,0.005423318216344342,0.0804845399409564
full_rv,229,9.73342514038086,0.00047476543113589287,0.00540890684351325,0.08069202514584384
full_rv,230,9.75208854675293,0.0004748309147544205,0.005394580017309636,0.08089924529912577
full_rv,231,9.770683288574219,0.0004748957580886781,0.005380320886615664,0.08110643668807542
full_rv,232,9.789194107055664,0.00047495978651568294,0.005366229743231088,0.08131216836860172
full_rv,233,9.807641983032227,0.0004750236985273659,0.005352194595616311,0.08151808882889494
full_rv,234,9.82599925994873,0.0004750866792164743,0.005338287504855543,0.08172305173786294
full_rv,235,9.844293594360352,0.0004751494852825999,0.005324342404492199,0.08192950250009756
full_rv,236,9.862503051757812,0.00047521182568743825,0.005310485314112157,0.08213562068751816
full_rv,237,9.880635261535645,0.0004752737295348197,0.005296690127579495,0.08234177158767451
full_rv,238,9.898696899414062,0.00047533484757877886,0.0052829232008662075,0.08254837549476317
full_rv,239,9.916664123535156,0.0004753960529342294,0.005269284243695438,0.0827541357198134
full_rv,240,9.934562683105469,0.0004754564433824271,0.0052556633308995515,0.08296047929690921
full_rv,241,9.952367782592773,0.0004755166592076421,0.005242239567451179,0.08316490601515394
full_rv,242,9.970098495483398,0.00047557588550262153,0.005228953232290223,0.08336812306194835
full_rv,243,9.987744331359863,0.0004756347043439746,0.005215852172113955,0.08356949856308614
full_rv,244,10.00532054901123,0.00047569311573170125,0.005202950356760994,0.08376879408541055
full_rv,245,10.022811889648438,0.00047575036296620965,0.005190280673559755,0.08396536480285648
full_rv,246,10.040240287780762,0.000475807290058583,0.005177820392418653,0.08415964346808556
full_rv,247,10.057583808898926,0.00047586380969733,0.005165571463294327,0.08435155003470936
full_rv,248,10.074851989746094,0.00047591928159818053,0.00515353778610006,0.08454088482688675
full_rv,249,10.092046737670898,0.0004759744042530656,0.0051416055066511035,0.08472944075600268
full_rv,250,10.10915756225586,0.0004760293522849679,0.0051299057668074965,0.08491524467768573
full_rv,251,10.126204490661621,0.00047608325257897377,0.005118272732943296,0.08510063603586146
full_rv,252,10.143178939819336,0.00047613709466531873,0.0051067505846731365,0.08528509295063207
full_rv,253,10.160087585449219,0.00047618988901376724,0.005095344968140125,0.08546834960609388
full_rv,254,10.176941871643066,0.00047624256694689393,0.005083912459667772,0.08565274972860912
full_rv,255,10.193730354309082,0.0004762951284646988,0.005072561092674732,0.08583663181795219
full_rv,256,10.210463523864746,0.0004763473116327077,0.005061212897999212,0.08602115256537687
full_rv,257,10.22713565826416,0.0004763989127241075,0.005049868545029312,0.08620627147817721
full_rv,258,10.243732452392578,0.0004764502518810332,0.00503865018254146,0.08639013152095464
full_rv,259,10.260259628295898,0.00047650097985751927,0.005027468752814457,0.08657405527304661
full_rv,260,10.27670955657959,0.00047655130038037896,0.005016401351895183,0.08675685565630323
full_rv,261,10.293094635009766,0.00047660089330747724,0.005005491140764207,0.08693777673657443
full_rv,262,10.309416770935059,0.00047665039892308414,0.00499469882925041,0.0871175242239481
full_rv,263,10.325665473937988,0.0004766992060467601,0.004984127474017441,0.08729432995686208
full_rv,264,10.34184455871582,0.0004767472855746746,0.004973715636879206,0.08746913654079787
full_rv,265,10.357953071594238,0.0004767952486872673,0.004963447339832783,0.0876422771465001
full_rv,266,10.373992919921875,0.0004768431535921991,0.0049533029668964446,0.08781405564631276
full_rv,267,10.389972686767578,0.00047689027269370854,0.0049432348168920726,0.08798510455229247
full_rv,268,10.40588665008545,0.0004769370425492525,0.004933220101520419,0.08815585755619791
full_rv,269,10.421746253967285,0.0004769835213664919,0.004923298809444532,0.08832566376114963
full_rv,270,10.437543869018555,0.0004770295927301049,0.004913405864499509,0.08849555782925035
full_rv,271,10.453280448913574,0.0004770754312630743,0.004903583932900801,0.0886648640946274
full_rv,272,10.468952178955078,0.0004771210951730609,0.004893798963166773,0.0888341457311767
full_rv,273,10.484553337097168,0.00047716611879877746,0.0048840812232811,0.08900281750732703
full_rv,274,10.500089645385742,0.0004772107058670372,0.004874446342000738,0.0891706440825032
full_rv,275,10.515556335449219,0.0004772551474161446,0.004864914051722735,0.08933733276233086
full_rv,276,10.530965805053711,0.0004772990942001343,0.0048554930835962296,0.08950266169895366
full_rv,277,10.54631519317627,0.0004773424589075148,0.004846194700803608,0.08966640874042803
full_rv,278,10.561612129211426,0.0004773857071995735,0.004837016575038433,0.08982867345121949
full_rv,279,10.5768461227417,0.00047742866445332766,0.004827950964681804,0.08998953851133867
full_rv,280,10.592026710510254,0.0004774712724611163,0.004819002584554255,0.09014889629421814
full_rv,281,10.607135772705078,0.0004775129200424999,0.0048101240827236325,0.0903074321843004
full_rv,282,10.622190475463867,0.0004775547422468662,0.0048013366758823395,0.09046496781631239
full_rv,283,10.637175559997559,0.0004775964771397412,0.004792594991158694,0.09062222502021179
full_rv,284,10.652109146118164,0.0004776372807100415,0.004783906391821802,0.090778925432772
full_rv,285,10.666973114013672,0.000477678346214816,0.004775239882292226,0.09093580471565409
full_rv,286,10.681794166564941,0.00047771865501999855,0.004766656551510096,0.09109162411285174
full_rv,287,10.696537971496582,0.0004777590511366725,0.004758081515319645,0.09124782259365583
full_rv,288,10.711238861083984,0.0004777987487614155,0.004749634303152561,0.0914021746460194
full_rv,289,10.725870132446289,0.0004778385045938194,0.004741200071293861,0.09155680642052856
full_rv,290,10.740439414978027,0.00047787762014195323,0.004732861940283328,0.09171013338900219
full_rv,291,10.754963874816895,0.0004779165901709348,0.00472459287266247,0.091862704639974
full_rv,292,10.769407272338867,0.00047795556019991636,0.004716345225460827,0.09201537991780308
full_rv,293,10.783821105957031,0.00047799351159483194,0.004708194057457149,0.09216664558127574
full_rv,294,10.79815673828125,0.0004780318704433739,0.004700064833741635,0.09231806544999864
full_rv,295,10.812447547912598,0.00047806953079998493,0.004692028043791652,0.09246818341484504
full_rv,296,10.826682090759277,0.0004781072202604264,0.004684079700382426,0.09261718485019275
full_rv,297,10.840849876403809,0.00047814424033276737,0.0046762121201027185,0.0927650722800178
full_rv,298,10.854974746704102,0.0004781811439897865,0.004668452689656988,0.0929114367654478
full_rv,299,10.869037628173828,0.0004782176110893488,0.004660791018977761,0.09305639385219397
full_rv,300,10.883049964904785,0.00047825416550040245,0.004653203766793013,0.09320044552848067
full_rv,301,10.897014617919922,0.0004782898467965424,0.004645699344109744,0.09334325834359278
full_rv,302,10.910917282104492,0.0004783255863003433,0.00463825260521844,0.09348544445059269
full_rv,303,10.924774169921875,0.0004783608892466873,0.004630857991287485,0.09362701039668012
full_rv,304,10.938576698303223,0.0004783960757777095,0.004623519373126328,0.09376793491951647
full_rv,305,10.952322006225586,0.0004784309712704271,0.004616212710971013,0.09390862268505824
full_rv,306,10.966019630432129,0.00047846598317846656,0.0046089632087387145,0.09404867667517515
full_rv,307,10.979659080505371,0.0004785004130098969,0.004601755732437596,0.09418824549598538
full_rv,308,10.99324893951416,0.00047853461001068354,0.004594598314724863,0.09432723666226994
full_rv,309,11.006790161132812,0.0004785686614923179,0.004587494127918035,0.09446560008941762
full_rv,310,11.02027702331543,0.00047860213089734316,0.004580449662171304,0.094603129296496
full_rv,311,11.033717155456543,0.00047863589134067297,0.004573448211885989,0.09474028570406777
full_rv,312,11.047103881835938,0.00047866912791505456,0.00456651666900143,0.09487641232313138
full_rv,313,11.060439109802246,0.00047870201524347067,0.004559618071652949,0.09501222768447583
full_rv,314,11.073725700378418,0.0004787348152603954,0.004552806174615398,0.09514675846299987
full_rv,315,11.086957931518555,0.00047876720782369375,0.004546027281321585,0.09528095305349142
full_rv,316,11.100143432617188,0.00047879968769848347,0.004539313027635217,0.0954142951463464
full_rv,317,11.113274574279785,0.00047883132356218994,0.00453265177202411,0.09554683003598376
full_rv,318,11.126361846923828,0.00047886359971016645,0.004525996861048043,0.09567971044643694
full_rv,319,11.139392852783203,0.00047889535198919475,0.00451944165979512,0.09581093688963518
full_rv,320,11.152381896972656,0.00047892663860693574,0.004512861778493971,0.09594289633074696
full_rv,321,11.165316581726074,0.00047895783791318536,0.00450637232279405,0.09607344397933291
full_rv,322,11.178202629089355,0.0004789888334926218,0.004499918926740065,0.09620359656356366
full_rv,323,11.191044807434082,0.0004790197708643973,0.004493485612329096,0.09633368572780837
full_rv,324,11.20383071899414,0.00047905041719786823,0.00448715130914934,0.09646213416107531
full_rv,325,11.216577529907227,0.00047908048145473003,0.004480818519368768,0.09659077359744377
full_rv,326,11.229273796081543,0.00047911086585372686,0.004474558518268168,0.09671837757066135
full_rv,327,11.241920471191406,0.0004791409010067582,0.0044683575397357345,0.09684508378235111
full_rv,328,11.25452995300293,0.00047917047049850225,0.004462164011783898,0.09697187515166422
full_rv,329,11.267084121704102,0.0004791999526787549,0.004456075810594484,0.09709689501948592
full_rv,330,11.279603004455566,0.0004792289691977203,0.004449997853953391,0.09722193487768192
full_rv,331,11.292070388793945,0.000479258073028177,0.004443973826710135,0.09734623166007098
full_rv,332,11.304500579833984,0.0004792872641701251,0.004438013507751748,0.09746958471747112
full_rv,333,11.316883087158203,0.00047931575682014227,0.0044320725137367845,0.09759272336369168
full_rv,334,11.329229354858398,0.0004793443367816508,0.004426192434038967,0.09771496151713978
full_rv,335,11.341521263122559,0.0004793725674971938,0.0044203727738931775,0.09783622088432153
full_rv,336,11.353789329528809,0.00047940065269358456,0.004414552327943966,0.0979577561513743
full_rv,337,11.36599349975586,0.00047942844685167074,0.004408830893225968,0.09807753916019851
full_rv,338,11.378173828125,0.00047945635742507875,0.004403109342092648,0.09819762537397844
full_rv,339,11.390303611755371,0.00047948359861038625,0.0043974438740406185,0.09831673759744229
full_rv,340,11.402389526367188,0.00047951110173016787,0.004391835886053741,0.09843501251967042
full_rv,341,11.414445877075195,0.0004795379936695099,0.0043862359598279,0.09855328222241576
full_rv,342,11.426445960998535,0.00047956500202417374,0.004380717873573303,0.09867018325866898
full_rv,343,11.438420295715332,0.0004795920685864985,0.0043752206838689744,0.09878693433519756
full_rv,344,11.450345039367676,0.00047961846576072276,0.004369762347778305,0.09890303199568733
full_rv,345,11.46223258972168,0.0004796446883119643,0.004364378692116588,0.09901783097288228
full_rv,346,11.474084854125977,0.00047967093996703625,0.004358999663963914,0.09913279477576964
full_rv,347,11.485891342163086,0.00047969710431061685,0.004353701748186722,0.09924633140150747
full_rv,348,11.497665405273438,0.00047972274478524923,0.004348423914052546,0.09935960497536449
full_rv,349,11.50939655303955,0.0004797482106368989,0.00434320725616999,0.09947183090092339
full_rv,350,11.521089553833008,0.00047977373469620943,0.0043380315182730556,0.09958346373600713
full_rv,351,11.532748222351074,0.0004797989968210459,0.004332920303568244,0.09969394990109563
full_rv,352,11.544360160827637,0.00047982402611523867,0.004327852628193796,0.09980372238328071
full_rv,353,11.555939674377441,0.0004798489098902792,0.004322853550547734,0.0999122710271992
full_rv,354,11.567474365234375,0.0004798738518729806,0.004317889339290559,0.10002032879755429
full_rv,355,11.57896900177002,0.0004798982699867338,0.004312990378821269,0.10012714777049642
full_rv,356,11.590425491333008,0.00047992245526984334,0.004308125178795308,0.10023343373933381
full_rv,357,11.601837158203125,0.0004799463786184788,0.00430330540984869,0.10033893255957604
full_rv,358,11.613212585449219,0.00047997047659009695,0.004298537154681981,0.10044359319403763
full_rv,359,11.624543190002441,0.00047999422531574965,0.004293810692615807,0.10054751577987114
full_rv,360,11.635834693908691,0.0004800177994184196,0.004289141681510955,0.10065039790300274
full_rv,361,11.647083282470703,0.0004800412862095982,0.00428454446955584,0.10075194588086049
full_rv,362,11.658291816711426,0.0004800640745088458,0.004279988002963364,0.10085269377216147
full_rv,363,11.669458389282227,0.0004800873575732112,0.0042755185859277844,0.10095187937707452
full_rv,364,11.680583953857422,0.0004801104078069329,0.004271046607755125,0.10105126103691531
full_rv,365,11.691668510437012,0.00048013325431384146,0.004266662377631292,0.10114892056498614
full_rv,366,11.702717781066895,0.00048015560605563223,0.0042622525652404875,0.10124721211510643
full_rv,367,11.713717460632324,0.00048017839435487986,0.004257933585904539,0.10134382563254433
full_rv,368,11.724687576293945,0.00048020086251199245,0.0042535418178886175,0.1014421135521785
full_rv,369,11.735601425170898,0.000480222690384835,0.004249285731930286,0.10153754840968511
full_rv,370,11.746492385864258,0.00048024472198449075,0.004244862269842997,0.10163679315941812
full_rv,371,11.757323265075684,0.00048026698641479015,0.004240668145939708,0.1017313250341705
full_rv,372,11.768132209777832,0.00048028904711827636,0.0042362562962807715,0.1018306858409526
full_rv,373,11.778888702392578,0.00048031064216047525,0.004232040955685079,0.1019258924525218
full_rv,374,11.7896089553833,0.00048033258644863963,0.004227727011311799,0.10202347197922632
full_rv,375,11.800294876098633,0.0004803541232831776,0.004223443742375821,0.10212048582914189
full_rv,376,11.810935974121094,0.00048037548549473286,0.004219214199110866,0.10221647372073658
full_rv,377,11.821547508239746,0.0004803967894986272,0.004214929766021669,0.10231381860625319
full_rv,378,11.832119941711426,0.0004804180935025215,0.004210706800222397,0.10240999853684403
full_rv,379,11.842652320861816,0.000480439281091094,0.00420648162253201,0.10250637699469234
full_rv,380,11.853156089782715,0.0004804606141988188,0.0042022525740321726,0.1026030412040513
full_rv,381,11.86361312866211,0.00048048142343759537,0.004198065493255854,0.10269885757118245
full_rv,382,11.874037742614746,0.0004805027274414897,0.004193890024907887,0.10279468433626726
full_rv,383,11.88442611694336,0.0004805235657840967,0.0041896922048181295,0.10289108456377231
full_rv,384,11.894771575927734,0.00048054405488073826,0.004185572499409318,0.10298586614578308
full_rv,385,11.905089378356934,0.0004805646603927016,0.004181407042779028,0.1030818484088511
full_rv,386,11.915365219116211,0.0004805855278391391,0.004177297203568742,0.10317681993120476
full_rv,387,11.92560863494873,0.00048060587141662836,0.004173198132775724,0.10327161844024316
full_rv,388,11.935819625854492,0.0004806262149941176,0.004169092077063397,0.1033667385430869
full_rv,389,11.945992469787598,0.0004806465585716069,0.004165005113463849,0.10346160076203376
full_rv,390,11.956130981445312,0.00048066681483760476,0.004160949902143329,0.10355590393302591
full_rv,391,11.966236114501953,0.0004806867800652981,0.004156844224780798,0.1036514428826445
full_rv,392,11.976302146911621,0.0004807070072274655,0.004152833280386403,0.10374507987174854
full_rv,393,11.986337661743164,0.00048072729259729385,0.004148764535784721,0.10384018601136741
full_rv,394,11.996333122253418,0.000480747054098174,0.004144753125729039,0.10393406883753108
full_rv,395,12.006292343139648,0.00048076658276841044,0.0041407805983908474,0.10402719347502498
full_rv,396,12.016222953796387,0.00048078596591949463,0.0041367653757333755,0.10412141205286425
full_rv,397,12.026108741760254,0.00048080566921271384,0.0041328676452394575,0.10421320202854563
full_rv,398,12.035970687866211,0.0004808251396752894,0.00412891193991527,0.10430641300653024
full_rv,399,12.04578685760498,0.0004808439698535949,0.004125034174649045,0.10439789216471299
full_rv,400,12.055580139160156,0.00048086338210850954,0.004121154430322349,0.10448968294073376
full_rv,401,12.065326690673828,0.0004808827652595937,0.004117335251066834,0.1045802446843912
full_rv,402,12.075053215026855,0.0004809013335034251,0.004113490809686482,0.10467137295109798
full_rv,403,12.084733963012695,0.0004809205129276961,0.004109748668270186,0.1047604377369239
full_rv,404,12.094392776489258,0.00048093911027535796,0.00410594796994701,0.1048508720323768
full_rv,405,12.104011535644531,0.0004809575330000371,0.0041022303339559585,0.10493951960111847
full_rv,406,12.113595962524414,0.0004809761303476989,0.0040985330124385655,0.10502787861125734
full_rv,407,12.123156547546387,0.00048099426203407347,0.004094814736163244,0.10511677000145016
full_rv,408,12.132668495178223,0.0004810126847587526,0.0040912237600423396,0.10520293308665017
full_rv,409,12.142162322998047,0.0004810309037566185,0.0040875389240682125,0.10529135416228168
full_rv,410,12.151609420776367,0.0004810487444046885,0.004083989042555913,0.10537672782878985
full_rv,411,12.161029815673828,0.0004810667596757412,0.004080408718436956,0.10546297179148308
full_rv,412,12.170418739318848,0.0004810845130123198,0.004076863115187734,0.1055484951243947
full_rv,413,12.179769515991211,0.00048110197531059384,0.004073385789524764,0.10563251020787086
full_rv,414,12.189092636108398,0.00048111972864717245,0.004069879767484963,0.10571737682152524
full_rv,415,12.198380470275879,0.0004811371909454465,0.004066446213982999,0.10580063037964599
full_rv,416,12.207635879516602,0.0004811547987628728,0.004063008324010298,0.10588413878708607
full_rv,417,12.2168607711792,0.0004811719700228423,0.00405961976503022,0.10596653581541533
full_rv,418,12.226051330566406,0.0004811889084521681,0.004056235164171085,0.10604891690760017
full_rv,419,12.235211372375488,0.0004812053812202066,0.004052876640344039,0.10613071817659622
full_rv,420,12.24433422088623,0.00048122231964953244,0.0040495544380974025,0.1062118805184378
full_rv,421,12.253433227539062,0.00048123940359801054,0.004046218120492995,0.10629352148248608
full_rv,422,12.262487411499023,0.0004812559927813709,0.004042951681185514,0.10637354150442863
full_rv,423,12.271526336669922,0.0004812726692762226,0.004039646504679695,0.10645460596790475
full_rv,424,12.280511856079102,0.0004812890838366002,0.004036444035591558,0.10653331463225531
full_rv,425,12.289481163024902,0.00048130564391613007,0.0040331874042749405,0.10661344225770517
full_rv,426,12.298415184020996,0.00048132144729606807,0.004029988340334967,0.10669217366001772
full_rv,427,12.307310104370117,0.00048133794916793704,0.004026837937999517,0.1067700021505523
full_rv,428,12.31618881225586,0.00048135381075553596,0.0040236499917227775,0.10684870243410924
full_rv,429,12.32502269744873,0.0004813697887584567,0.004020536434836686,0.10692576985178588
full_rv,430,12.333830833435059,0.00048138576676137745,0.004017438244773075,0.10700257790194978
full_rv,431,12.342612266540527,0.00048140157014131546,0.004014325328171253,0.10707980734372573
full_rv,432,12.351350784301758,0.00048141684965230525,0.004011293494841084,0.10715510521223935
full_rv,433,12.360071182250977,0.0004814328858628869,0.004008245072327554,0.10723105094533948
full_rv,434,12.368755340576172,0.0004814481653738767,0.004005228140158579,0.1073061956308749
full_rv,435,12.377408027648926,0.00048146312474273145,0.004002254368970171,0.1073803435247297
full_rv,436,12.386039733886719,0.00048147913184948266,0.003999245091108605,0.10745564955381685
full_rv,437,12.394631385803223,0.00048149394569918513,0.003996349696535617,0.10752808364225981
full_rv,438,12.403202056884766,0.0004815091087948531,0.0039933859661687165,0.10760232379275911
full_rv,439,12.411749839782715,0.0004815241845790297,0.003990467492258176,0.10767555473618083
full_rv,440,12.420259475708008,0.0004815388238057494,0.00398761557880789,0.10774718893671184
full_rv,441,12.428766250610352,0.0004815539577975869,0.00398469518404454,0.10782066617962284
full_rv,442,12.437235832214355,0.00048156845150515437,0.003981846675742418,0.10789237339035511
full_rv,443,12.445708274841309,0.00048158311983570457,0.003978968190494925,0.10796493220924483
full_rv,444,12.454167366027832,0.000481597613543272,0.003976112697273493,0.10803699207969196
full_rv,445,12.462631225585938,0.0004816126311197877,0.003973449463956058,0.10810458324522824
full_rv,446,12.471067428588867,0.00048162665916606784,0.003971040539909154,0.10816587847977888
full_rv,447,12.479376792907715,0.00048164077452383935,0.0039689244295004755,0.10822013664429125
full_rv,448,12.487646102905273,0.00048165471525862813,0.003966633405070752,0.1082786686090296
full_rv,449,12.495870590209961,0.00048166897613555193,0.003963807481341064,0.10835036035911469
full_rv,450,12.50411319732666,0.00048168314970098436,0.0039606277423445135,0.10843076079242835
full_rv,451,12.512370109558105,0.00048169796355068684,0.0039577309507876635,0.10850448849285806
full_rv,452,12.520637512207031,0.00048171193338930607,0.003954902524128556,0.10857646928798222
full_rv,453,12.52889347076416,0.0004817262524738908,0.003952332190237939,0.10864228757870664
full_rv,454,12.537109375,0.0004817400476895273,0.003949791251216084,0.10870735535784107
full_rv,455,12.545286178588867,0.0004817544249817729,0.003947166842408478,0.1087746645055281
full_rv,456,12.55341911315918,0.00048176804557442665,0.003944403491914272,0.1088453173343955
full_rv,457,12.561521530151367,0.0004817821318283677,0.0039415041683241725,0.10891949992288609
full_rv,458,12.569581031799316,0.0004817953740712255,0.003938706271583214,0.10899110840618122
full_rv,459,12.57761287689209,0.00048180934390984476,0.003935850370908156,0.10906438589955868
full_rv,460,12.585590362548828,0.0004818231682293117,0.003933104977477342,0.10913499661322146
full_rv,461,12.593544006347656,0.0004818363522645086,0.003930465463781729,0.10920294493731417
full_rv,462,12.601445198059082,0.0004818500601686537,0.00392789434408769,0.10926938525134601
full_rv,463,12.609344482421875,0.00048186309868469834,0.003925480355974287,0.10933186933169975
full_rv,464,12.617195129394531,0.0004818761954084039,0.003923083073459566,0.10939401842238629
full_rv,465,12.625053405761719,0.0004818887682631612,0.003920770599506795,0.10945402040204814
full_rv,466,12.632856369018555,0.00048190183588303626,0.003918545640772209,0.1095120072309844
full_rv,467,12.640658378601074,0.0004819148452952504,0.003916235524229705,0.10957216211488968
full_rv,468,12.648420333862305,0.0004819273017346859,0.003913965541869402,0.10963126693042072
full_rv,469,12.656163215637207,0.0004819400783162564,0.003911541571142152,0.10969434192940489
full_rv,470,12.663890838623047,0.00048195297131314874,0.003909162187483162,0.10975639533108063
full_rv,471,12.671581268310547,0.000481964903883636,0.00390673812944442,0.10981943873248373
full_rv,472,12.679253578186035,0.0004819779423996806,0.0039043735014274716,0.10988128711801264
full_rv,473,12.686901092529297,0.000481990457046777,0.003901927440892905,0.10994513772105517
full_rv,474,12.69450569152832,0.00048200241872109473,0.0038996570219751447,0.1100045371496296
full_rv,475,12.702092170715332,0.0004820152826141566,0.003897218994097784,0.1100683937320814
full_rv,476,12.709644317626953,0.00048202715697698295,0.0038949020963627845,0.11012907202216655
full_rv,477,12.717154502868652,0.00048203952610492706,0.00389255303889513,0.11019072495152946
full_rv,478,12.724648475646973,0.0004820514586754143,0.003890257969032973,0.11025099358717319
full_rv,479,12.732104301452637,0.0004820631875190884,0.003887971950462088,0.11031105524286172
full_rv,480,12.739542007446289,0.00048207544023171067,0.0038857655017636716,0.11036927549185932
full_rv,481,12.746964454650879,0.0004820868489332497,0.003883612051140517,0.11042604173299811
full_rv,482,12.754359245300293,0.0004820990143343806,0.0038814033614471555,0.11048441660308093
full_rv,483,12.761746406555176,0.0004821105394512415,0.003879354102537036,0.11053867886716603
full_rv,484,12.769095420837402,0.00048212221008725464,0.0038772343832533807,0.11059480906511429
full_rv,485,12.77644157409668,0.00048213396803475916,0.003875058697303757,0.1106524326707278
full_rv,486,12.783754348754883,0.0004821452312171459,0.003872971050441265,0.11070777449679184
full_rv,487,12.791043281555176,0.0004821568145416677,0.003870796470437199,0.11076544657749722
full_rv,488,12.798330307006836,0.0004821683978661895,0.0038686186308041215,0.11082325903080344
full_rv,489,12.805577278137207,0.00048217971925623715,0.0038664596795570105,0.11088059391354109
full_rv,490,12.81280517578125,0.000482190924230963,0.0038643278530798852,0.11093726932644017
full_rv,491,12.820016860961914,0.0004822025657631457,0.0038621280691586435,0.11099582565999301
full_rv,492,12.82718276977539,0.0004822135961148888,0.0038599926920142025,0.11105266864754558
full_rv,493,12.83434772491455,0.0004822250921279192,0.003857841482385993,0.11111006797906745
full_rv,494,12.841465950012207,0.00048223594785667956,0.003855761227896437,0.11116557441579222
full_rv,495,12.848584175109863,0.00048224724014289677,0.0038535855419468135,0.11122367129446158
full_rv,496,12.855667114257812,0.00048225829959847033,0.0038515814521815628,0.11127737231179186
full_rv,497,12.862730026245117,0.0004822692717425525,0.0038495062035508454,0.11133293368809417
full_rv,498,12.869784355163574,0.00048228036030195653,0.0038474354951176792,0.11138845513344062
full_rv,499,12.876798629760742,0.00048229144886136055,0.003845436032861471,0.11144219475422339
full_rv,500,12.88380241394043,0.00048230221727862954,0.003843408019747585,0.11149665392525152
hollow_rv,0,2.9128053188323975,0.00036760096554644406,0.028408195328665897,0.012774658320068084
hollow_rv,1,2.9079644680023193,0.0003676493070088327,0.028508856485132128,0.012731779587712176
hollow_rv,2,2.908634662628174,0.0003680450317915529,0.02849212908768095,0.01275269616420041
hollow_rv,3,2.9131851196289062,0.00036867044400423765,0.028412132640369236,0.012809595441914793
hollow_rv,4,2.9209213256835938,0.0003694620681926608,0.028289658133871853,0.012891605380337038
hollow_rv,5,2.9313738346099854,0.0003703734837472439,0.028142104391008615,0.012989873604607408
hollow_rv,6,2.9445078372955322,0.0003713908954523504,0.027975862903986126,0.013101477062998856
hollow_rv,7,2.960005283355713,0.0003724914859049022,0.02779772161738947,0.013222884915320044
hollow_rv,8,2.9775495529174805,0.00037365398020483553,0.027618033898761496,0.013348747736130935
hollow_rv,9,2.9969422817230225,0.0003748667659237981,0.02744028705637902,0.013477069669239845
hollow_rv,10,3.018191337585449,0.00037613429594784975,0.027255746419541538,0.013612330619862697
hollow_rv,11,3.041334867477417,0.0003774644574150443,0.027049776748754084,0.013762392454190484
hollow_rv,12,3.0663235187530518,0.0003788562607951462,0.026814295153599232,0.013932046897462686
hollow_rv,13,3.093027353286743,0.00038030132418498397,0.026549518632236868,0.014121940837346554
hollow_rv,14,3.121250867843628,0.000381787889637053,0.026259923703037202,0.014330456521495949
hollow_rv,15,3.150876045227051,0.0003833067021332681,0.02595142793143168,0.014555176175753994
hollow_rv,16,3.1818833351135254,0.0003848524938803166,0.025630041753174737,0.014793544429798433
hollow_rv,17,3.2142794132232666,0.00038642072468064725,0.025301484303781763,0.01504290537716057
hollow_rv,18,3.248019218444824,0.00038800484617240727,0.02497128301183693,0.015300305290310507
hollow_rv,19,3.2830443382263184,0.00038959813537076116,0.024643326352816075,0.015563428697858074
hollow_rv,20,3.319309949874878,0.00039119593566283584,0.02431788347894326,0.015832072458012787
hollow_rv,21,3.356741428375244,0.000392794085200876,0.023992807196918875,0.016107623538029563
hollow_rv,22,3.395235300064087,0.00039438792737200856,0.023666360590141267,0.016391340738420607
hollow_rv,23,3.4346771240234375,0.000395973096601665,0.023337881197221577,0.01668389346709343
hollow_rv,24,3.474961757659912,0.000397545809391886,0.02300694811856374,0.016985875046716357
hollow_rv,25,3.515979290008545,0.0003991019621025771,0.022674459527479485,0.017296937981714507
hollow_rv,26,3.5576114654541016,0.00040063721826300025,0.022342409065458924,0.017615811587639064
hollow_rv,27,3.599743127822876,0.00040214808541350067,0.022012785804690793,0.017941078362539373
hollow_rv,28,3.6422879695892334,0.0004036325844936073,0.02168710605474189,0.01827157484796425
hollow_rv,29,3.6852006912231445,0.00040509027894586325,0.021366150700487196,0.018606669198533307
hollow_rv,30,3.7284436225891113,0.0004065210232511163,0.02105025330092758,0.01894604552898828
hollow_rv,31,3.7719576358795166,0.0004079241189174354,0.02073940896661952,0.019289624713785876
hollow_rv,32,3.8156850337982178,0.00040929880924522877,0.02043326827697456,0.019637639046671925
hollow_rv,33,3.8595986366271973,0.00041064544348046184,0.020131644618231803,0.01999024657167329
hollow_rv,34,3.903693437576294,0.0004119642253499478,0.019834655133308843,0.020347309249618736
hollow_rv,35,3.9479641914367676,0.00041325579513795674,0.01954249103437178,0.02070861084120646
hollow_rv,36,3.9923908710479736,0.00041452032746747136,0.019255347724538296,0.021073874332634482
hollow_rv,37,4.036947250366211,0.0004157580260653049,0.01897335165995173,0.021442863174121897
hollow_rv,38,4.081608295440674,0.00041696912376210093,0.018696683284360915,0.02181525094517756
hollow_rv,39,4.1263427734375,0.00041815335862338543,0.018425864400342107,0.022190244350859784
hollow_rv,40,4.171102523803711,0.0004193098866380751,0.01816152728861198,0.022566791941786242
hollow_rv,41,4.2158403396606445,0.0004204383003525436,0.017903791565913707,0.022944391301625393
hollow_rv,42,4.260525703430176,0.0004215390363242477,0.017652194859692827,0.023323295493309363
hollow_rv,43,4.305144309997559,0.0004226131131872535,0.017406022758223116,0.02370417547564293
hollow_rv,44,4.3496904373168945,0.0004236616659909487,0.017164525343105197,0.0240878531580226
hollow_rv,45,4.394166469573975,0.0004246861790306866,0.016927239194046706,0.024474873531303565
hollow_rv,46,4.438586711883545,0.0004256874672137201,0.01669428456807509,0.024864962766076085
hollow_rv,47,4.482961177825928,0.00042666622903198004,0.01646621769759804,0.025257157444820977
hollow_rv,48,4.527289867401123,0.00042762295925058424,0.016243647172814235,0.025650292740929934
hollow_rv,49,4.5715765953063965,0.00042855797801166773,0.016027025296352804,0.026043317387558176
hollow_rv,50,4.615832328796387,0.0004294721002224833,0.015816219005500898,0.026436062179661882
hollow_rv,51,4.660083293914795,0.000430366606451571,0.015610584407113492,0.026829245104459866
hollow_rv,52,4.704355239868164,0.00043124318472109735,0.015409315150463954,0.027223988927411725
hollow_rv,53,4.748675346374512,0.00043210299918428063,0.01521169109037146,0.027621368365668107
hollow_rv,54,4.793025493621826,0.0004329465446062386,0.015017299156170338,0.0280219844390227
hollow_rv,55,4.837371349334717,0.0004337735299486667,0.014826010185061023,0.02842592909898207
hollow_rv,56,4.881669521331787,0.000434583897003904,0.014637804677477106,0.028833113932565137
hollow_rv,57,4.9258832931518555,0.0004353772383183241,0.014452778967097402,0.029243193872452184
hollow_rv,58,4.969996929168701,0.0004361539031378925,0.014271077990997583,0.029655743941306136
hollow_rv,59,5.014004230499268,0.00043691392056643963,0.01409279485233128,0.03007038388693761
hollow_rv,60,5.057902812957764,0.00043765775626525283,0.01391794957453385,0.03048688545041798
hollow_rv,61,5.101694107055664,0.00043838605051860213,0.013746455835644156,0.03090524759012263
hollow_rv,62,5.1453704833984375,0.0004390990943647921,0.013578254671301693,0.03132539149010442
hollow_rv,63,5.188921928405762,0.0004397971206344664,0.01341332629090175,0.03174714521551324
hollow_rv,64,5.232337474822998,0.0004404803039506078,0.01325168355833739,0.03217024776951525
hollow_rv,65,5.275611877441406,0.0004411489353515208,0.013093415589537472,0.032594246718487534
hollow_rv,66,5.3187456130981445,0.00044180324766784906,0.012938569649122655,0.03301875449030442
hollow_rv,67,5.361743450164795,0.0004424435319378972,0.012787142652086914,0.03344348990085293
hollow_rv,68,5.40460729598999,0.00044307016651146114,0.012639147258596495,0.033868124348789816
hollow_rv,69,5.447332382202148,0.0004436835297383368,0.01249450765317306,0.03429254703890514
hollow_rv,70,5.489920616149902,0.00044428405817598104,0.012353035272099078,0.03471696272553917
hollow_rv,71,5.532375812530518,0.00044487256673164666,0.012214439659146592,0.035141922309352286
hollow_rv,72,5.574702262878418,0.00044544957927428186,0.012078387808287516,0.03556813822229004
hollow_rv,73,5.616901874542236,0.0004460159398149699,0.01194459295948036,0.03599628907989626
hollow_rv,74,5.658968448638916,0.00044657173566520214,0.011812858516350389,0.03642679361806236
hollow_rv,75,5.700881004333496,0.00044711699592880905,0.011683207732858136,0.03685944159992175
hollow_rv,76,5.742620468139648,0.0004476517206057906,0.011555784964002669,0.03729362951360397
hollow_rv,77,5.784181118011475,0.0004481758805923164,0.011430683371145278,0.03772886529712514
hollow_rv,78,5.825571537017822,0.00044868976692669094,0.011307979963021353,0.03816469946278518
hollow_rv,79,5.866804599761963,0.0004491934087127447,0.011187732452526689,0.03860069352241295
hollow_rv,80,5.907888889312744,0.00044968724250793457,0.011070039123296738,0.039036278139626034
hollow_rv,81,5.948824405670166,0.00045017123920843005,0.010955005243886262,0.03947078240092959
hollow_rv,82,5.98960542678833,0.0004506455734372139,0.0108426408842206,0.03990384686750221
hollow_rv,83,6.030230522155762,0.0004511106526479125,0.010732899070717394,0.040335323717169635
hollow_rv,84,6.070704460144043,0.00045156641863286495,0.010625680210068822,0.04076522206004101
hollow_rv,85,6.1110405921936035,0.00045201359898783267,0.010520801035454497,0.041193951966436854
hollow_rv,86,6.151248455047607,0.0004524525720626116,0.010417980840429664,0.04162231209131498
hollow_rv,87,6.191337585449219,0.00045288383262231946,0.010316931351553649,0.04205121674583044
hollow_rv,88,6.231310844421387,0.00045330770080909133,0.01021740265423432,0.042481492396130846
hollow_rv,89,6.271173000335693,0.00045372487511485815,0.01011919288430363,0.042913875378504135
hollow_rv,90,6.310930252075195,0.0004541353846434504,0.01002215952030383,0.04334885460593434
hollow_rv,91,6.350586891174316,0.00045453954953700304,0.009926227736286819,0.043786700637989555
hollow_rv,92,6.390139579772949,0.00045493763172999024,0.00983140099560842,0.04422736293367637
hollow_rv,93,6.42957878112793,0.00045532931108027697,0.009737769956700504,0.04467034992188497
hollow_rv,94,6.468889236450195,0.0004557145875878632,0.009645462210755795,0.045114999636734314
hollow_rv,95,6.508059978485107,0.00045609354856424034,0.009554629476042464,0.04556050021992883
hollow_rv,96,6.547085762023926,0.00045646599028259516,0.009465385577641428,0.04600612971859877
hollow_rv,97,6.585972309112549,0.00045683194184675813,0.009377796610351652,0.04645136716878229
hollow_rv,98,6.624722957611084,0.00045719172339886427,0.009291888331063092,0.04689588359566469
hollow_rv,99,6.6633381843566895,0.00045754527673125267,0.009207653347402811,0.04733945928320181
hollow_rv,100,6.701818943023682,0.000457892834674567,0.009125041135121137,0.04778211308956026
hollow_rv,101,6.740164756774902,0.00045823457185178995,0.0090439593186602,0.048224081420748584
hollow_rv,102,6.778381824493408,0.0004585704591590911,0.008964325970737264,0.04866555231406009
hollow_rv,103,6.816474437713623,0.0004589011368807405,0.008886019379133359,0.04910701338704122
hollow_rv,104,6.854448318481445,0.0004592263721860945,0.008808968996163458,0.049548628825232886
hollow_rv,105,6.892301559448242,0.0004595465143211186,0.008733045018743724,0.049990964209404416
hollow_rv,106,6.9300432205200195,0.000459861708804965,0.008658253820613027,0.05043385415783583
hollow_rv,107,6.967659950256348,0.0004601719556376338,0.008584447321482003,0.050877979662642125
hollow_rv,108,7.005172252655029,0.0004604776040650904,0.00851178535958752,0.05132234821142936
hollow_rv,109,7.04255485534668,0.0004607787705026567,0.00844006665283814,0.05176797805007947
hollow_rv,110,7.07982063293457,0.00046107510570436716,0.00836945918854326,0.05221372686415136
hollow_rv,111,7.116959571838379,0.0004613668716046959,0.008299931039800867,0.0526596488636784
hollow_rv,112,7.153961181640625,0.00046165415551513433,0.008231428102590144,0.05310592282555431
hollow_rv,113,7.190839767456055,0.00046193698653951287,0.008164080732967705,0.05355159258424317
hollow_rv,114,7.227594375610352,0.000462215393781662,0.008097801357507706,0.053997019773593315
hollow_rv,115,7.264223098754883,0.0004624896391760558,0.008032520796405151,0.05444250394783811
hollow_rv,116,7.30073881149292,0.0004627596936188638,0.007968322897795588,0.05488733962707253
hollow_rv,117,7.337137699127197,0.0004630258190445602,0.007905104954261333,0.05533204864837914
hollow_rv,118,7.373414516448975,0.0004632878699339926,0.007842800987418741,0.055776897874609176
hollow_rv,119,7.409585952758789,0.00046354616642929614,0.00778146562515758,0.05622140733652968
hollow_rv,120,7.445651531219482,0.0004638012615032494,0.007720974448602647,0.056666337347593444
hollow_rv,121,7.481605052947998,0.00046405248576775193,0.007661209849175066,0.05711230808783699
hollow_rv,122,7.517453670501709,0.00046430021757259965,0.007602212426718324,0.05755897722434096
hollow_rv,123,7.55319881439209,0.00046454451512545347,0.0075439364882186055,0.05800657015125291
hollow_rv,124,7.588833332061768,0.00046478566946461797,0.007486342627089471,0.05845531000500266
hollow_rv,125,7.624363899230957,0.0004650231567211449,0.0074295002850703895,0.05890452541561083
hollow_rv,126,7.659796714782715,0.00046525790821760893,0.007373423431999981,0.05935410409280575
hollow_rv,127,7.695125579833984,0.0004654891381505877,0.007318092830246314,0.05980397457630414
hollow_rv,128,7.73035192489624,0.0004657173703890294,0.007263515406521037,0.060254023113431227
hollow_rv,129,7.765480995178223,0.0004659425758291036,0.007209710747702047,0.060703963062097854
hollow_rv,130,7.800509452819824,0.0004661647544708103,0.007156636012950912,0.0611539995198487
hollow_rv,131,7.835437774658203,0.0004663838481064886,0.007104274962330237,0.06160412981014852
hollow_rv,132,7.870273590087891,0.00046660006046295166,0.007052674889564514,0.06205386337963972
hollow_rv,133,7.905017375946045,0.00046681356616318226,0.00700184446759522,0.0625030044290662
hollow_rv,134,7.939666271209717,0.00046702404506504536,0.006951754679903388,0.0629516073168812
hollow_rv,135,7.97421932220459,0.00046723190462216735,0.006902401859406382,0.06339960974760284
hollow_rv,136,8.008674621582031,0.00046743679558858275,0.006853743514511734,0.0638471907246576
hollow_rv,137,8.0430269241333,0.00046763912541791797,0.00680568563984707,0.06429509756682514
hollow_rv,138,8.077278137207031,0.0004678390105254948,0.006758200644981116,0.06474348783416621
hollow_rv,139,8.111430168151855,0.00046803642180748284,0.0067112955439370126,0.06519219671700298
hollow_rv,140,8.145484924316406,0.00046823141747154295,0.006664931162958965,0.06564148961865997
hollow_rv,141,8.179442405700684,0.00046842388110235333,0.006619109481107444,0.06609124178518225
hollow_rv,142,8.213305473327637,0.00046861430746503174,0.006573850492713973,0.0665412353148177
hollow_rv,143,8.24708080291748,0.00046880223089829087,0.006529132777359337,0.06699150968751495
hollow_rv,144,8.280766487121582,0.00046898797154426575,0.0064849453046917915,0.06744211555019608
hollow_rv,145,8.314364433288574,0.00046917120926082134,0.00644128886051476,0.06789290503433265
hollow_rv,146,8.347878456115723,0.00046935270074754953,0.006398139405064285,0.06834411944213883
hollow_rv,147,8.381305694580078,0.00046953183482401073,0.006355457968311384,0.06879597601864668
hollow_rv,148,8.41464614868164,0.00046970866969786584,0.006313246820354834,0.06924837858463029
hollow_rv,149,8.447897911071777,0.0004698837292380631,0.006271516147535294,0.06970121010874732
hollow_rv,150,8.481062889099121,0.00047005678061395884,0.006230272701941431,0.07015427850791113
hollow_rv,151,8.514132499694824,0.0004702276783064008,0.006189525010995567,0.07060737841838494
hollow_rv,152,8.547114372253418,0.00047039648052304983,0.006149301887489855,0.071060107934231
hollow_rv,153,8.580000877380371,0.00047056336188688874,0.006109591049607843,0.0715125105673617
hollow_rv,154,8.612800598144531,0.0004707278567366302,0.006070396688301116,0.07196436231958549
hollow_rv,155,8.645503997802734,0.0004708906344603747,0.006031730241375044,0.07241551421370195
hollow_rv,156,8.678115844726562,0.0004710513458121568,0.005993585073156282,0.07286586828456508
hollow_rv,157,8.710634231567383,0.0004712101072072983,0.005955968052148819,0.07331523967813967
hollow_rv,158,8.743051528930664,0.00047136691864579916,0.005918861017562449,0.07376370973794917
hollow_rv,159,8.775373458862305,0.00047152148908935487,0.005882241908693686,0.07421137042243002
hollow_rv,160,8.807595252990723,0.00047167466254904866,0.00584611453814432,0.07465818303929529
hollow_rv,161,8.839723587036133,0.0004718257987406105,0.00581046417937614,0.07510411018659317
hollow_rv,162,8.871767044067383,0.0004719752469100058,0.005775282101240009,0.0755491923267369
hollow_rv,163,8.903729438781738,0.0004721229779534042,0.005740517575759441,0.07599393106225187
hollow_rv,164,8.935617446899414,0.0004722691373899579,0.005706113646738231,0.07643895723055272
hollow_rv,165,8.967430114746094,0.0004724140162579715,0.005672035564202815,0.07688467617347494
hollow_rv,166,8.999167442321777,0.0004725574399344623,0.0056382876937277615,0.0773309468000311
hollow_rv,167,9.030827522277832,0.00047269946662709117,0.005604859732557088,0.07777784652275274
hollow_rv,168,9.062406539916992,0.0004728399799205363,0.005571766698267311,0.07822510298755983
hollow_rv,169,9.093899726867676,0.00047297889250330627,0.005538996105315164,0.07867279765383811
hollow_rv,170,9.125309944152832,0.00047311626258306205,0.005506564659299329,0.07912065355388997
hollow_rv,171,9.15662670135498,0.00047325255582109094,0.0054744406952522695,0.07956909272946863
hollow_rv,172,9.187854766845703,0.00047338707372546196,0.005442653317004442,0.08001755269744817
hollow_rv,173,9.218990325927734,0.00047352019464597106,0.005411183985415846,0.08046626986796078
hollow_rv,174,9.250035285949707,0.00047365191858261824,0.005380067625083029,0.08091469279479924
hollow_rv,175,9.280990600585938,0.000473781896289438,0.005349284096155316,0.08136296186650731
hollow_rv,176,9.311857223510742,0.00047391062253154814,0.00531888785189949,0.08181030716386092
hollow_rv,177,9.342633247375488,0.0004740380682051182,0.005288807675242424,0.08225763612432414
hollow_rv,178,9.37332820892334,0.0004741640295833349,0.005259081954136491,0.08270428844842435
hollow_rv,179,9.403942108154297,0.0004742885648738593,0.005229619826423004,0.08315150460647969
hollow_rv,180,9.434480667114258,0.00047441222704946995,0.005200466839596629,0.0835986496765739
hollow_rv,181,9.464936256408691,0.00047453446313738823,0.00517158443108201,0.08404613364115046
hollow_rv,182,9.495316505432129,0.0004746554186567664,0.005143029731698334,0.08449306181332766
hollow_rv,183,9.525613784790039,0.00047477506450377405,0.00511483583250083,0.08493883979620111
hollow_rv,184,9.555831909179688,0.00047489325515925884,0.0050869903061538935,0.08538353058350205
hollow_rv,185,9.585968017578125,0.00047501036897301674,0.005059551913291216,0.08582618547725264
hollow_rv,186,9.616020202636719,0.00047512631863355637,0.005032441113144159,0.08626790765958839
hollow_rv,187,9.645992279052734,0.00047524060937575996,0.005005660263122991,0.08670848468731694
hollow_rv,188,9.675884246826172,0.0004753542016260326,0.004979155783075839,0.08714883700996912
hollow_rv,189,9.705699920654297,0.00047546630958095193,0.004952885152306408,0.08758944827342464
hollow_rv,190,9.73543643951416,0.0004755776608362794,0.004926876979880035,0.08802992203803535
hollow_rv,191,9.765092849731445,0.000475687556900084,0.004901103093288839,0.08847053713786865
hollow_rv,192,9.794672966003418,0.00047579652164131403,0.004875597893260419,0.08891075573057924
hollow_rv,193,9.82417106628418,0.00047590426402166486,0.004850368190091103,0.08935034174870037
hollow_rv,194,9.853586196899414,0.00047601122059859335,0.004825414012884721,0.08978929243256138
hollow_rv,195,9.882914543151855,0.0004761169257108122,0.0048007605073507875,0.09022702000386869
hollow_rv,196,9.912154197692871,0.00047622149577364326,0.004776367510203272,0.09066414585869013
hollow_rv,197,9.94131088256836,0.0004763249307870865,0.004752233158797026,0.09110062901203687
hollow_rv,198,9.97038459777832,0.00047642760910093784,0.004728327272459865,0.09153699260436002
hollow_rv,199,9.999378204345703,0.00047652906505391,0.004704620048869401,0.09197362488049854
hollow_rv,200,10.028297424316406,0.0004766295896843076,0.004681123304180801,0.09241031889124329
hollow_rv,201,10.05714225769043,0.0004767295904457569,0.0046577961184084415,0.09284783395351663
hollow_rv,202,10.085917472839355,0.000476828427053988,0.004634643788449466,0.09328592760569722
hollow_rv,203,10.1146240234375,0.000476926623377949,0.004611674637999386,0.0937245028408571
hollow_rv,204,10.143260955810547,0.0004770236264448613,0.004588881303789094,0.09416355676118683
hollow_rv,205,10.17182731628418,0.0004771201347466558,0.004566294752294198,0.09460259475630782
hollow_rv,206,10.200323104858398,0.0004772152751684189,0.004543932154774666,0.09504108011698596
hollow_rv,207,10.228753089904785,0.00047730980440974236,0.004521812312304974,0.09547872471725437
hollow_rv,208,10.25711441040039,0.0004774033441208303,0.0044999607489444315,0.09591489294222517
hollow_rv,209,10.28540325164795,0.0004774959816131741,0.004478372255107388,0.09634961197619464
hollow_rv,210,10.313621520996094,0.0004775878041982651,0.004457063972949982,0.09678247336720178
hollow_rv,211,10.341766357421875,0.000477678666356951,0.004435976909007877,0.09721451962401423
hollow_rv,212,10.369844436645508,0.00047776871360838413,0.004415112314745784,0.09764568376785007
hollow_rv,213,10.397845268249512,0.0004778580041602254,0.004394417512230575,0.09807696682025993
hollow_rv,214,10.425779342651367,0.0004779463342856616,0.004373893636511639,0.09850826432082856
hollow_rv,215,10.453636169433594,0.0004780340532306582,0.00435350215411745,0.09894038515195923
hollow_rv,216,10.48143196105957,0.00047812145203351974,0.00433323672041297,0.09937348975006854
hollow_rv,217,10.509160995483398,0.00047820748295634985,0.004313101642765105,0.09980726987310455
hollow_rv,218,10.536821365356445,0.00047829310642555356,0.004293126694392413,0.10024125446760303
hollow_rv,219,10.564424514770508,0.0004783779149875045,0.004273378406651318,0.10067391562337477
hollow_rv,220,10.591971397399902,0.00047846155939623713,0.00425390136661008,0.10110415597394071
hollow_rv,221,10.619465827941895,0.00047854502918198705,0.004234722524415702,0.10153147975160214
hollow_rv,222,10.646899223327637,0.00047862750943750143,0.004215830122120678,0.10195586945336556
hollow_rv,223,10.674260139465332,0.00047870882553979754,0.004197167989332229,0.10237840826285738
hollow_rv,224,10.70154857635498,0.00047878990881145,0.00417867605574429,0.10280051694529563
hollow_rv,225,10.728767395019531,0.00047887000255286694,0.0041603154968470335,0.10322286155938601
hollow_rv,226,10.755915641784668,0.00047894957242533565,0.004142005753237754,0.10364730638390411
hollow_rv,227,10.783001899719238,0.0004790285893250257,0.004123764083487913,0.1040734665618283
hollow_rv,228,10.810029029846191,0.00047910731518641114,0.004105524101760238,0.1045029080015979
hollow_rv,229,10.837008476257324,0.0004791853134520352,0.00408737565157935,0.10493351936422507
hollow_rv,230,10.863936424255371,0.00047926290426403284,0.004069236922077835,0.10536724690819219
hollow_rv,231,10.890814781188965,0.0004793400876224041,0.004051222465932369,0.1058014500310351
hollow_rv,232,10.917628288269043,0.00047941613593138754,0.004033315315609798,0.10623635398637728
hollow_rv,233,10.94438362121582,0.00047949235886335373,0.004015503451228142,0.10667248182676141
hollow_rv,234,10.971065521240234,0.0004795676504727453,0.0039979379216674715,0.10710598630109917
hollow_rv,235,10.997688293457031,0.0004796423017978668,0.0039805276319384575,0.10753901957185433
hollow_rv,236,11.024234771728516,0.0004797157598659396,0.003963394206948578,0.10796846430741645
hollow_rv,237,11.050712585449219,0.00047978866496123374,0.003946515585994348,0.1083948679889444
hollow_rv,238,11.077119827270508,0.0004798610170837492,0.003929831233108416,0.10881961594096227
hollow_rv,239,11.10345458984375,0.0004799322341568768,0.0039133873651735485,0.10924136596618694
hollow_rv,240,11.129718780517578,0.0004800030728802085,0.0038971436442807317,0.10966117973572134
hollow_rv,241,11.155912399291992,0.0004800732131116092,0.0038810696569271386,0.11007968035391234
hollow_rv,242,11.182044982910156,0.0004801427130587399,0.0038651793147437274,0.11049646262962
hollow_rv,243,11.208111763000488,0.0004802118637599051,0.0038494481123052537,0.11091214238867939
hollow_rv,244,11.234119415283203,0.0004802799376193434,0.0038338455779012293,0.1113272981723596
hollow_rv,245,11.260061264038086,0.00048034772044047713,0.0038184119039215147,0.11174100494436667
hollow_rv,246,11.28593635559082,0.0004804152704309672,0.0038030930154491216,0.11215462615412244
hollow_rv,247,11.311751365661621,0.00048048177268356085,0.003787854337133467,0.11256887000498135
hollow_rv,248,11.337496757507324,0.0004805480130016804,0.00377274164929986,0.11298266780674567
hollow_rv,249,11.363182067871094,0.0004806138458661735,0.003757689439225942,0.11339770033840979
hollow_rv,250,11.388800621032715,0.0004806789511349052,0.0037427711358759552,0.11381191708959083
hollow_rv,251,11.4143648147583,0.00048074364895001054,0.0037279403186403215,0.11422659735253506
hollow_rv,252,11.439866065979004,0.0004808080557268113,0.003713222482474521,0.1146410478768265
hollow_rv,253,11.465311050415039,0.0004808718804270029,0.0036986006889492273,0.11505563739081344
hollow_rv,254,11.49068546295166,0.0004809349775314331,0.0036841463297605515,0.11546832871892317
hollow_rv,255,11.516005516052246,0.00048099798732437193,0.003669761441415176,0.11588192367738247
hollow_rv,256,11.541261672973633,0.0004810604441445321,0.0036555582482833415,0.11629315629819073
hollow_rv,257,11.566461563110352,0.00048112182412296534,0.003641451126895845,0.11670425965514226
hollow_rv,258,11.591605186462402,0.00048118337872438133,0.0036274541926104575,0.11711507047530882
hollow_rv,259,11.616687774658203,0.0004812440602108836,0.003613609937019646,0.11752410721758655
hollow_rv,260,11.641722679138184,0.0004813044797629118,0.0035998292732983828,0.11793401267524767
hollow_rv,261,11.66670036315918,0.00048136457917280495,0.003586169535992667,0.11834309572919771
hollow_rv,262,11.691620826721191,0.0004814242129214108,0.0035726313362829387,0.11875126205803847
hollow_rv,263,11.71649169921875,0.0004814834683202207,0.003559165692422539,0.11915992930000226
hollow_rv,264,11.741304397583008,0.00048154190881177783,0.003545838699210435,0.11956702275731916
hollow_rv,265,11.766067504882812,0.0004816002328880131,0.0035326110082678497,0.1199738140211425
hollow_rv,266,11.790771484375,0.0004816579748876393,0.003519462130498141,0.12038078393080348
hollow_rv,267,11.815415382385254,0.0004817154258489609,0.0035064565017819405,0.12078602291730058
hollow_rv,268,11.840001106262207,0.00048177241114899516,0.003493522119242698,0.12119162680042357
hollow_rv,269,11.86452865600586,0.00048182872706092894,0.003480709478026256,0.12159598270682859
hollow_rv,270,11.888998031616211,0.0004818846355192363,0.0034680090029723942,0.12199939533137821
hollow_rv,271,11.913407325744629,0.0004819399327971041,0.003455410187598318,0.1224021024446522
hollow_rv,272,11.937760353088379,0.0004819954338017851,0.0034429238585289568,0.12280390955900673
hollow_rv,273,11.962053298950195,0.00048205017810687423,0.003430549113545567,0.1232045865609933
hollow_rv,274,11.986292839050293,0.00048210477689281106,0.0034182508825324476,0.12360533730502211
hollow_rv,275,12.01047420501709,0.00048215853166766465,0.003406056173844263,0.124005120134996
hollow_rv,276,12.034597396850586,0.0004822117043659091,0.003393949125893414,0.12440446242620128
hollow_rv,277,12.058671951293945,0.0004822649643756449,0.0033819116069935262,0.1248040702769353
hollow_rv,278,12.082688331604004,0.00048231787513941526,0.003369985497556627,0.1252024642082807
hollow_rv,279,12.106651306152344,0.0004823699709959328,0.003358120273333043,0.12560114472578598
hollow_rv,280,12.130561828613281,0.0004824221832677722,0.003346352488733828,0.12599910535230646
hollow_rv,281,12.1544189453125,0.0004824741627089679,0.0033346752752549946,0.1263964564526758
hollow_rv,282,12.17822265625,0.0004825255600735545,0.0033230838598683476,0.12679324303357462
hollow_rv,283,12.201977729797363,0.00048257637536153197,0.0033115752157755196,0.12718953467457816
hollow_rv,284,12.225671768188477,0.0004826266667805612,0.0033001734991557896,0.12758449973819788
hollow_rv,285,12.2493314743042,0.0004826771328225732,0.0032888223649933934,0.12798016627128975
hollow_rv,286,12.272918701171875,0.00048272698768414557,0.0032776187581475824,0.12837303277743523
hollow_rv,287,12.296476364135742,0.0004827764932997525,0.0032664311002008617,0.1287676078904414
hollow_rv,288,12.31995964050293,0.0004828254459425807,0.0032553934725001454,0.12915922167119012
hollow_rv,289,12.343405723571777,0.0004828739329241216,0.00324440241092816,0.1295514172756649
hollow_rv,290,12.36679744720459,0.00048292294377461076,0.0032334955758415163,0.12994310011793087
hollow_rv,291,12.390125274658203,0.00048297084867954254,0.003222708124667406,0.13033261978528216
hollow_rv,292,12.413416862487793,0.00048301886999979615,0.0032119503594003618,0.13072338090301486
hollow_rv,293,12.436646461486816,0.00048306636745110154,0.0032013130257837474,0.1311120044635181
hollow_rv,294,12.459823608398438,0.0004831129335798323,0.0031907420489005744,0.1315002731146612
hollow_rv,295,12.482961654663086,0.0004831600235775113,0.003180229221470654,0.13188880330710226
hollow_rv,296,12.506038665771484,0.0004832061822526157,0.0031698127859272063,0.1322758481304523
hollow_rv,297,12.529071807861328,0.00048325254465453327,0.0031594680913258344,0.13266253247127616
hollow_rv,298,12.552054405212402,0.00048329849960282445,0.0031491780537180603,0.1330493101630575
hollow_rv,299,12.574983596801758,0.00048334384337067604,0.003138989210128784,0.1334344015947754
hollow_rv,300,12.597867965698242,0.00048338944907300174,0.003128844575257972,0.13382008081896934
hollow_rv,301,12.620705604553223,0.00048343377420678735,0.0031187785207293928,0.1342046871824783
hollow_rv,302,12.643484115600586,0.0004834784776903689,0.003108782635536045,0.13458890165590703
hollow_rv,303,12.666221618652344,0.00048352277372032404,0.003098848625086248,0.13497282104290034
hollow_rv,304,12.688911437988281,0.000483567186165601,0.0030889754998497665,0.1353565873568182
hollow_rv,305,12.71154499053955,0.00048361122026108205,0.003079182148212567,0.13573933996297627
hollow_rv,306,12.734138488769531,0.0004836545267608017,0.0030694437737111002,0.1361219099107293
hollow_rv,307,12.756681442260742,0.000483697687741369,0.003059758630115539,0.13650448724422565
hollow_rv,308,12.779173851013184,0.0004837407323066145,0.0030501644068863243,0.1368856019765968
hollow_rv,309,12.801626205444336,0.0004837832530029118,0.0030405979487113655,0.13726757274939416
hollow_rv,310,12.824027061462402,0.0004838256863877177,0.003031112370081246,0.13764842469905694
hollow_rv,311,12.846378326416016,0.0004838680906686932,0.0030216915474738926,0.13802877161293134
hollow_rv,312,12.868685722351074,0.0004839097091462463,0.0030123006145004183,0.13840978212132052
hollow_rv,313,12.890942573547363,0.0004839514149352908,0.0030029868939891458,0.13878978406261738
hollow_rv,314,12.913150787353516,0.0004839928005822003,0.002993719361256808,0.13916988469979233
hollow_rv,315,12.935314178466797,0.0004840340407099575,0.0029845071549061686,0.13954974538625228
hollow_rv,316,12.957427978515625,0.0004840749897994101,0.0029753674170933664,0.1399286164830822
hollow_rv,317,12.979494094848633,0.0004841154732275754,0.002966287749586627,0.14030692703582723
hollow_rv,318,13.00151538848877,0.00048415586934424937,0.0029572754574473947,0.14068444881496883
hollow_rv,319,13.023486137390137,0.0004841960908379406,0.002948334818938747,0.14106095576847733
hollow_rv,320,13.045416831970215,0.00048423546832054853,0.0029394609155133367,0.1414364517271527
hollow_rv,321,13.067303657531738,0.00048427534056827426,0.0029306396027095616,0.14181183092760674
hollow_rv,322,13.089143753051758,0.0004843148635700345,0.0029218929121270776,0.14218594268545903
hollow_rv,323,13.110939979553223,0.0004843537462875247,0.0029132083291187882,0.1425592043758615
hollow_rv,324,13.132694244384766,0.00048439225065521896,0.002904583961935714,0.1429317352112343
hollow_rv,325,13.154401779174805,0.0004844307550229132,0.0028960289782844484,0.143303217089043
hollow_rv,326,13.176066398620605,0.00048446859000250697,0.0028875242569483817,0.14367426385277945
hollow_rv,327,13.197687149047852,0.0004845071234740317,0.002879081235732883,0.14404471407680558
hollow_rv,328,13.219261169433594,0.0004845448420383036,0.0028706839657388628,0.1444148431591805
hollow_rv,329,13.240793228149414,0.000484582589706406,0.002862343011656776,0.14478439243138194
hollow_rv,330,13.262284278869629,0.00048461995902471244,0.0028540455095935613,0.14515379380770224
hollow_rv,331,13.283730506896973,0.0004846568335779011,0.0028458006563596427,0.14552260013593205
hollow_rv,332,13.305136680603027,0.00048469362081959844,0.002837599429767579,0.1458912905753255
hollow_rv,333,13.326499938964844,0.0004847303789574653,0.0028294466610532254,0.14625965152299217
hollow_rv,334,13.347822189331055,0.00048476678784936666,0.0028213370824232697,0.1466278153594099
hollow_rv,335,13.369105339050293,0.0004848032840527594,0.0028132721199654043,0.1469958156390561
hollow_rv,336,13.39034366607666,0.0004848396056331694,0.0028052443522028625,0.14736390069269242
hollow_rv,337,13.411542892456055,0.00048487508320249617,0.002797261200612411,0.14773155081754072
hollow_rv,338,13.432703018188477,0.00048491114284843206,0.002789301914162934,0.14810005775587767
hollow_rv,339,13.453826904296875,0.000484946504002437,0.0027813945489469916,0.14846781035450715
hollow_rv,340,13.474910736083984,0.00048498151591047645,0.0027735059265978634,0.14883639248802635
hollow_rv,341,13.495955467224121,0.00048501696437597275,0.0027656834572553635,0.14920383347185562
hollow_rv,342,13.516959190368652,0.0004850513068959117,0.002757880720309913,0.14957183894903947
hollow_rv,343,13.53792667388916,0.0004850863479077816,0.0027501708827912807,0.1499374897627432
hollow_rv,344,13.558854103088379,0.0004851204575970769,0.002742467331700027,0.15030434159088366
hollow_rv,345,13.579742431640625,0.0004851551784668118,0.00273490566178225,0.1506664633172852
hollow_rv,346,13.600577354431152,0.00048518902622163296,0.00272734509781003,0.15102999921218918
hollow_rv,347,13.621376037597656,0.0004852228448726237,0.002719965239521116,0.15138669934385565
hollow_rv,348,13.642123222351074,0.00048525637248530984,0.0027125649503432214,0.15174593058754507
hollow_rv,349,13.662833213806152,0.0004852895508520305,0.002705343358684331,0.15209820891697287
hollow_rv,350,13.683483123779297,0.0004853227292187512,0.0026981268892996013,0.15245183287826966
hollow_rv,351,13.704090118408203,0.0004853550926782191,0.002690998779144138,0.15280258820776735
hollow_rv,352,13.724649429321289,0.00048538765986450016,0.0026839398487936705,0.15315162555415535
hollow_rv,353,13.745158195495605,0.0004854200524277985,0.002676854783203453,0.1535034358678376
hollow_rv,354,13.765628814697266,0.0004854524158872664,0.0026698693982325494,0.153851950604501
hollow_rv,355,13.786042213439941,0.0004854845174122602,0.002662848652107641,0.15420366628043156
hollow_rv,356,13.80642032623291,0.00048551621148362756,0.0026558753452263772,0.15455450322535122
hollow_rv,357,13.82675838470459,0.0004855475854128599,0.0026489379815757275,0.1549050314751785
hollow_rv,358,13.84704875946045,0.00048557965783402324,0.0026419878122396767,0.15525793207670777
hollow_rv,359,13.867308616638184,0.0004856106243096292,0.0026351228007115424,0.15560785180052178
hollow_rv,360,13.887520790100098,0.00048564179451204836,0.0026282296457793564,0.15596077224903052
hollow_rv,361,13.90770149230957,0.00048567313933745027,0.002621414081659168,0.15631139546242526
hollow_rv,362,13.927837371826172,0.00048570422222837806,0.002614626951981336,0.15666204509658097
hollow_rv,363,13.9479341506958,0.00048573489766567945,0.002607869799248874,0.15701259380364058
hollow_rv,364,13.967992782592773,0.00048576522385701537,0.002601169340778142,0.15736168476717535
hollow_rv,365,13.988006591796875,0.0004857954918406904,0.0025945022352971137,0.1577105640019054
hollow_rv,366,14.00798225402832,0.00048582590534351766,0.0025878869055304676,0.15805832725321434
hollow_rv,367,14.027917861938477,0.00048585591139271855,0.002581323205959052,0.15840480545922953
hollow_rv,368,14.04781436920166,0.0004858860047534108,0.002574775484390557,0.158751958188394
hollow_rv,369,14.067665100097656,0.0004859152249991894,0.0025682845152914524,0.15909739582158075
hollow_rv,370,14.087479591369629,0.00048594531835988164,0.0025618215440772474,0.1594430743207498
hollow_rv,371,14.10725212097168,0.0004859744803979993,0.0025553760351613164,0.15978904039892514
hollow_rv,372,14.126989364624023,0.0004860034678131342,0.002549004042521119,0.1601325420639929
hollow_rv,373,14.146683692932129,0.0004860328044742346,0.002542600966989994,0.16047922632760458
hollow_rv,374,14.166336059570312,0.0004860611807089299,0.0025363082822877914,0.1608212320366
hollow_rv,375,14.185953140258789,0.0004860907210968435,0.0025299767148680985,0.16116705989411229
hollow_rv,376,14.205528259277344,0.00048611933016218245,0.0025237354857381433,0.16150922881533458
hollow_rv,377,14.225065231323242,0.0004861479392275214,0.0025174965849146247,0.1618526877332022
hollow_rv,378,14.244561195373535,0.00048617564607411623,0.002511305850930512,0.16219471131346422
hollow_rv,379,14.264017105102539,0.0004862041969317943,0.0025051664269994944,0.16253559256151948
hollow_rv,380,14.283435821533203,0.0004862317000515759,0.0024990401579998434,0.16287685784468373
hollow_rv,381,14.302817344665527,0.0004862596106249839,0.0024929761129897088,0.16321622581613227
hollow_rv,382,14.322154998779297,0.0004862872010562569,0.0024869228655006737,0.16355628770603234
hollow_rv,383,14.341456413269043,0.00048631432582624257,0.0024809436581563205,0.16389350991770738
hollow_rv,384,14.3607177734375,0.0004863417998421937,0.0024749617732595652,0.16423233479328314
hollow_rv,385,14.379940032958984,0.000486369535792619,0.0024690611171536148,0.16456807582602656
hollow_rv,386,14.399126052856445,0.000486396427731961,0.002463155484292656,0.16490519314104599
hollow_rv,387,14.418268203735352,0.00048642317415215075,0.002457319846143946,0.16523968661613125
hollow_rv,388,14.43737506866455,0.0004864499205723405,0.0024514960823580623,0.16557483360386457
hollow_rv,389,14.456441879272461,0.00048647652147337794,0.002445713442284614,0.16590893751300256
hollow_rv,390,14.475469589233398,0.00048650300595909357,0.0024399702670052648,0.16624208068242238
hollow_rv,391,14.494460105895996,0.0004865293449256569,0.0024342437682207674,0.16657553533884034
hollow_rv,392,14.513410568237305,0.00048655486898496747,0.002428568375762552,0.16690713501106477
hollow_rv,393,14.532330513000488,0.00048658179002813995,0.002422904857667163,0.16723973983987067
hollow_rv,394,14.551209449768066,0.000486606964841485,0.0024172740522772074,0.1675712475727774
hollow_rv,395,14.570053100585938,0.0004866333329118788,0.0024116867571137846,0.16790185962778525
hollow_rv,396,14.588863372802734,0.000486658769659698,0.002406098530627787,0.1682335291700183
hollow_rv,397,14.607638359069824,0.0004866840608883649,0.002400584955466911,0.1685620765268098
hollow_rv,398,14.626383781433105,0.0004867097013629973,0.00239504681667313,0.16889341563619764
hollow_rv,399,14.645087242126465,0.0004867349925916642,0.0023895900521893054,0.169221136350648
hollow_rv,400,14.663764953613281,0.00048676016740500927,0.0023841194342821836,0.16955088159006884
hollow_rv,401,14.68239974975586,0.0004867851093877107,0.0023787049285601825,0.16987848603246916
hollow_rv,402,14.701010704040527,0.00048680987674742937,0.0023733050329610705,0.17020640502763734
hollow_rv,403,14.719574928283691,0.0004868344694841653,0.0023679376754444093,0.1705335644208991
hollow_rv,404,14.738116264343262,0.0004868591495323926,0.0023626079491805285,0.17085971961294186
hollow_rv,405,14.756613731384277,0.0004868839168921113,0.0023572902427986264,0.17118639350308026
hollow_rv,406,14.77508544921875,0.0004869081894867122,0.0023520158720202744,0.17151152300574277
hollow_rv,407,14.79351806640625,0.0004869321419391781,0.002346750203287229,0.17183723601181308
hollow_rv,408,14.811914443969727,0.00048695591976866126,0.0023415289469994605,0.1721614018480028
hollow_rv,409,14.830284118652344,0.00048698062892071903,0.0023363242216873914,0.17248602424772816
hollow_rv,410,14.848608016967773,0.0004870041157118976,0.0023311488912440836,0.17280967871859218
hollow_rv,411,14.866905212402344,0.00048702835920266807,0.002325999113963917,0.1731331683918562
hollow_rv,412,14.885162353515625,0.0004870519624091685,0.002320875122677535,0.17345605767185698
hollow_rv,413,14.903388023376465,0.0004870756238233298,0.002315780409844592,0.17377832395691206
hollow_rv,414,14.921576499938965,0.0004870988195762038,0.002310706884600222,0.17410030255106235
hollow_rv,415,14.939727783203125,0.0004871223936788738,0.002305667439941317,0.17442142900077626
hollow_rv,416,14.957845687866211,0.0004871451237704605,0.0023006458359304816,0.17474234288453197
hollow_rv,417,14.975932121276855,0.00048716843593865633,0.002295653219334781,0.17506275869870203
hollow_rv,418,14.993977546691895,0.0004871911369264126,0.002290695207193494,0.1753819546856821
hollow_rv,419,15.011999130249023,0.0004872136632911861,0.0022857403964735568,0.17570203212545152
hollow_rv,420,15.029973983764648,0.00048723677173256874,0.002280839253216982,0.17602001077316828
hollow_rv,421,15.047930717468262,0.0004872593854088336,0.0022759232379030436,0.17633991372774974
hollow_rv,422,15.065836906433105,0.00048728162073530257,0.002271081175422296,0.1766561024583446
hollow_rv,423,15.083724975585938,0.0004873041179962456,0.0022662158007733524,0.17697497471309231
hollow_rv,424,15.101567268371582,0.00048732635332271457,0.0022614147164858878,0.17729074545266194
hollow_rv,425,15.119386672973633,0.00048734829761087894,0.002256609732285142,0.17760778127839894
hollow_rv,426,15.137167930603027,0.000487370794871822,0.0022518351615872234,0.17792411473208214
hollow_rv,427,15.15492057800293,0.0004873923026025295,0.00224710232578218,0.17823852990723793
hollow_rv,428,15.172633171081543,0.0004874150617979467,0.0022423710324801505,0.1785543060753431
hollow_rv,429,15.190321922302246,0.00048743601655587554,0.0022376792621798813,0.178868035550411
hollow_rv,430,15.207969665527344,0.00048745761159807444,0.0022330012870952487,0.17918212689491747
hollow_rv,431,15.22559642791748,0.000487479439470917,0.0022283405414782465,0.17949622688192526
hollow_rv,432,15.243181228637695,0.0004875001613982022,0.0022237267694436014,0.17980795183634415
hollow_rv,433,15.260736465454102,0.0004875223967246711,0.0022191133466549218,0.18012116994950156
hollow_rv,434,15.2782621383667,0.0004875432641711086,0.002214542735600844,0.18043217877308704
hollow_rv,435,15.295754432678223,0.00048756427713669837,0.0022099782654549927,0.1807438694435811
hollow_rv,436,15.313217163085938,0.000487585726659745,0.002205446653533727,0.18105453549159184
hollow_rv,437,15.330643653869629,0.00048760700155980885,0.002200944785727188,0.18136418419220798
hollow_rv,438,15.348038673400879,0.0004876270249951631,0.0021964518527965993,0.18167388038772622
hollow_rv,439,15.365410804748535,0.0004876480088569224,0.0021919984719716012,0.18198221755958863
hollow_rv,440,15.382737159729004,0.00048766809049993753,0.002187566482461989,0.18228984307720292
hollow_rv,441,15.400046348571777,0.00048768872511573136,0.0021831558260601014,0.1825971956701964
hollow_rv,442,15.417309761047363,0.00048770965076982975,0.002178778639063239,0.18290335368409288
hollow_rv,443,15.434555053710938,0.0004877292667515576,0.0021744046243838966,0.1832098935277561
hollow_rv,444,15.451764106750488,0.0004877499013673514,0.002170086168916896,0.18351391450383472
hollow_rv,445,15.468937873840332,0.00048777018673717976,0.0021657643374055624,0.18381904674662564
hollow_rv,446,15.486085891723633,0.00048778968630358577,0.002161487063858658,0.18412183108982977
hollow_rv,447,15.503196716308594,0.0004878101171925664,0.0021572025725618005,0.18442638066808958
hollow_rv,448,15.520282745361328,0.00048783019883558154,0.002152971283067018,0.18472808432541396
hollow_rv,449,15.537334442138672,0.00048784964019432664,0.002148734813090414,0.18503091740017966
hollow_rv,450,15.554354667663574,0.0004878690233454108,0.002144550555385649,0.18533102674330693
hollow_rv,451,15.571349143981934,0.00048788898857310414,0.0021403582650236785,0.18563283492655538
hollow_rv,452,15.588306427001953,0.000487907906062901,0.0021362033439800143,0.1859326299732611
hollow_rv,453,15.605239868164062,0.0004879276966676116,0.002132051973603666,0.1862333903595102
hollow_rv,454,15.622137069702148,0.00048794655594974756,0.0021279429784044623,0.18653178948942428
hollow_rv,455,15.63900375366211,0.00048796593910083175,0.0021238336921669543,0.18683130714126397
hollow_rv,456,15.65584659576416,0.00048798538045957685,0.002119763463269919,0.18712897970714085
hollow_rv,457,15.672650337219238,0.00048800406511873007,0.0021156786242499948,0.1874283940632754
hollow_rv,458,15.689432144165039,0.00048802292440086603,0.0021116608986631036,0.18772395322508317
hollow_rv,459,15.706175804138184,0.00048804242396727204,0.0021076122648082674,0.18802286223885142
hollow_rv,460,15.722896575927734,0.000488060264615342,0.002103632577927783,0.18831717115691377
hollow_rv,461,15.739584922790527,0.0004880795022472739,0.0020996270468458533,0.18861470301503988
hollow_rv,462,15.756243705749512,0.00048809830332174897,0.0020956743392162025,0.18890915372581185
hollow_rv,463,15.772873878479004,0.0004881165805272758,0.0020917242509312928,0.18920414568805338
hollow_rv,464,15.789469718933105,0.0004881350905634463,0.0020877899951301515,0.18949894671801382
hollow_rv,465,15.806041717529297,0.0004881536588072777,0.0020838938653469086,0.1897918503538562
hollow_rv,466,15.82258129119873,0.0004881715285591781,0.0020799763151444495,0.19008700365753345
hollow_rv,467,15.839093208312988,0.0004881893109995872,0.00207612311351113,0.19037824967553862
hollow_rv,468,15.855575561523438,0.0004882081411778927,0.002072249073535204,0.19067225117940398
hollow_rv,469,15.872028350830078,0.00048822566168382764,0.002068420813884586,0.19096330538827488
hollow_rv,470,15.888452529907227,0.0004882434441242367,0.002064593689283356,0.19125522648306073
hollow_rv,471,15.904847145080566,0.00048826192505657673,0.002060795435681939,0.19154607211942729
hollow_rv,472,15.921213150024414,0.0004882790381088853,0.002057007164694369,0.19183659486745286
hollow_rv,473,15.93755054473877,0.0004882973153144121,0.002053242875263095,0.192126536941939
hollow_rv,474,15.953858375549316,0.0004883143119513988,0.002049484057351947,0.1924165126189464
hollow_rv,475,15.97014045715332,0.0004883321234956384,0.002045762143097818,0.19270479789692105
hollow_rv,476,15.986390113830566,0.0004883497022092342,0.002042024163529277,0.19299507824576162
hollow_rv,477,16.002614974975586,0.0004883672809228301,0.002038352773524821,0.19328111955385924
hollow_rv,478,16.01880645751953,0.0004883840447291732,0.002034634933806956,0.19357129252057256
hollow_rv,479,16.034975051879883,0.0004884017398580909,0.0020310130203142762,0.19385523478662028
hollow_rv,480,16.051109313964844,0.0004884190857410431,0.0020273250993341208,0.19414497254475435
hollow_rv,481,16.067222595214844,0.0004884361987933517,0.0020237317075952888,0.19442816602792354
hollow_rv,482,16.083297729492188,0.0004884527297690511,0.0020200813887640834,0.19471639877661853
hollow_rv,483,16.099355697631836,0.0004884701920673251,0.002016504411585629,0.1950000576273304
hollow_rv,484,16.11537742614746,0.0004884863155893981,0.002012911078054458,0.19528537002183663
hollow_rv,485,16.131378173828125,0.0004885034868493676,0.002009344403631985,0.1955697497477437
hollow_rv,486,16.14734649658203,0.0004885199596174061,0.002005806367378682,0.19585246498429484
hollow_rv,487,16.163288116455078,0.000488536898046732,0.002002254594117403,0.19613721163880504
hollow_rv,488,16.1792049407959,0.0004885533126071095,0.001998758758418262,0.19641818101486072
hollow_rv,489,16.195085525512695,0.0004885699599981308,0.00199523544870317,0.19670218862015756
hollow_rv,490,16.210947036743164,0.0004885857924818993,0.00199176836758852,0.19698226984973302
hollow_rv,491,16.226776123046875,0.0004886029637418687,0.0019882862106896937,0.19726476613714516
hollow_rv,492,16.242582321166992,0.0004886181559413671,0.0019848367664963007,0.197544799183087
hollow_rv,493,16.258358001708984,0.0004886352107860148,0.0019814010593108833,0.19782511564773336
hollow_rv,494,16.274105072021484,0.0004886516835540533,0.0019779731519520283,0.198105393459154
hollow_rv,495,16.28982925415039,0.0004886675160378218,0.0019745754543691874,0.19838380618907347
hollow_rv,496,16.30552101135254,0.0004886834649369121,0.0019711694912984967,0.1986636899161646
hollow_rv,497,16.321191787719727,0.0004886994720436633,0.001967802585568279,0.1989412019946551
hollow_rv,498,16.33683204650879,0.0004887158866040409,0.0019644357380457222,0.19921960048996765
hollow_rv,499,16.352447509765625,0.0004887307295575738,0.001961083267815411,0.19949707613788462
hollow_rv,500,16.3680362701416,0.0004887470277026296,0.001957769156433642,0.19977265258728666
