dataset,method,method_key,hp_name,hp_value,lambda,variant,index_name,value
singlecell,t-SNE,tsne,perplexity,5,,reference,trustworthiness,0.8719705283035462
singlecell,t-SNE,tsne,perplexity,5,,reference,ari,0.4451972882258968
singlecell,t-SNE,tsne,perplexity,5,0.25,framework,procrustes,0.27254308009432726
singlecell,t-SNE,tsne,perplexity,5,0.25,framework,knn_overlap,0.1594136972453879
singlecell,t-SNE,tsne,perplexity,5,0.25,framework,rv_final,0.5104612112045288
singlecell,t-SNE,tsne,perplexity,5,0.25,framework,trustworthiness,0.8956488851714246
singlecell,t-SNE,tsne,perplexity,5,0.25,framework,ari,0.3884019385893025
singlecell,t-SNE,tsne,perplexity,5,0.5,framework,procrustes,0.34960386581575054
singlecell,t-SNE,tsne,perplexity,5,0.5,framework,knn_overlap,0.2839272175890826
singlecell,t-SNE,tsne,perplexity,5,0.5,framework,rv_final,0.5388761758804321
singlecell,t-SNE,tsne,perplexity,5,0.5,framework,trustworthiness,0.8705591707413007
singlecell,t-SNE,tsne,perplexity,5,0.5,framework,ari,0.32042512774566767
singlecell,t-SNE,tsne,perplexity,5,0.75,framework,procrustes,0.37550029396894447
singlecell,t-SNE,tsne,perplexity,5,0.75,framework,knn_overlap,0.2925448572150619
singlecell,t-SNE,tsne,perplexity,5,0.75,framework,rv_final,0.5874286890029907
singlecell,t-SNE,tsne,perplexity,5,0.75,framework,trustworthiness,0.8516913512419118
singlecell,t-SNE,tsne,perplexity,5,0.75,framework,ari,0.2660373371073306
singlecell,t-SNE,tsne,perplexity,5,1.0,framework,procrustes,0.39826526278438434
singlecell,t-SNE,tsne,perplexity,5,1.0,framework,knn_overlap,0.27702805155420773
singlecell,t-SNE,tsne,perplexity,5,1.0,framework,rv_final,0.6145220994949341
singlecell,t-SNE,tsne,perplexity,5,1.0,framework,trustworthiness,0.8399400438074502
singlecell,t-SNE,tsne,perplexity,5,1.0,framework,ari,0.275016989038684
singlecell,t-SNE,tsne,perplexity,15,,reference,trustworthiness,0.885189535112401
singlecell,t-SNE,tsne,perplexity,15,,reference,ari,0.458057378999064
singlecell,t-SNE,tsne,perplexity,15,0.25,framework,procrustes,0.21445056322751127
singlecell,t-SNE,tsne,perplexity,15,0.25,framework,knn_overlap,0.15845337376800606
singlecell,t-SNE,tsne,perplexity,15,0.25,framework,rv_final,0.6074487566947937
singlecell,t-SNE,tsne,perplexity,15,0.25,framework,trustworthiness,0.8919163609181107
singlecell,t-SNE,tsne,perplexity,15,0.25,framework,ari,0.4076472444828721
singlecell,t-SNE,tsne,perplexity,15,0.5,framework,procrustes,0.3615112158649561
singlecell,t-SNE,tsne,perplexity,15,0.5,framework,knn_overlap,0.29196360879454136
singlecell,t-SNE,tsne,perplexity,15,0.5,framework,rv_final,0.5080741047859192
singlecell,t-SNE,tsne,perplexity,15,0.5,framework,trustworthiness,0.8840167556490398
singlecell,t-SNE,tsne,perplexity,15,0.5,framework,ari,0.35101338164770435
singlecell,t-SNE,tsne,perplexity,15,0.75,framework,procrustes,0.34256427718408483
singlecell,t-SNE,tsne,perplexity,15,0.75,framework,knn_overlap,0.29567854435178165
singlecell,t-SNE,tsne,perplexity,15,0.75,framework,rv_final,0.5616700053215027
singlecell,t-SNE,tsne,perplexity,15,0.75,framework,trustworthiness,0.8658905509562405
singlecell,t-SNE,tsne,perplexity,15,0.75,framework,ari,0.3267704148320648
singlecell,t-SNE,tsne,perplexity,15,1.0,framework,procrustes,0.3614024193530132
singlecell,t-SNE,tsne,perplexity,15,1.0,framework,knn_overlap,0.2691938337124084
singlecell,t-SNE,tsne,perplexity,15,1.0,framework,rv_final,0.6000877618789673
singlecell,t-SNE,tsne,perplexity,15,1.0,framework,trustworthiness,0.8506795470040991
singlecell,t-SNE,tsne,perplexity,15,1.0,framework,ari,0.265326204621663
singlecell,t-SNE,tsne,perplexity,30,,reference,trustworthiness,0.8909294321218877
singlecell,t-SNE,tsne,perplexity,30,,reference,ari,0.4654524254799821
singlecell,t-SNE,tsne,perplexity,30,0.25,framework,procrustes,0.17117094161085833
singlecell,t-SNE,tsne,perplexity,30,0.25,framework,knn_overlap,0.17359110437199896
singlecell,t-SNE,tsne,perplexity,30,0.25,framework,rv_final,0.6627697944641113
singlecell,t-SNE,tsne,perplexity,30,0.25,framework,trustworthiness,0.8906237947031932
singlecell,t-SNE,tsne,perplexity,30,0.25,framework,ari,0.4032127886184104
singlecell,t-SNE,tsne,perplexity,30,0.5,framework,procrustes,0.3615975216817352
singlecell,t-SNE,tsne,perplexity,30,0.5,framework,knn_overlap,0.2948193075562295
singlecell,t-SNE,tsne,perplexity,30,0.5,framework,rv_final,0.502492368221283
singlecell,t-SNE,tsne,perplexity,30,0.5,framework,trustworthiness,0.8935798456736881
singlecell,t-SNE,tsne,perplexity,30,0.5,framework,ari,0.3581330452165645
singlecell,t-SNE,tsne,perplexity,30,0.75,framework,procrustes,0.37695223380902443
singlecell,t-SNE,tsne,perplexity,30,0.75,framework,knn_overlap,0.2792014152135456
singlecell,t-SNE,tsne,perplexity,30,0.75,framework,rv_final,0.5423265099525452
singlecell,t-SNE,tsne,perplexity,30,0.75,framework,trustworthiness,0.8716020547849226
singlecell,t-SNE,tsne,perplexity,30,0.75,framework,ari,0.3392203527384677
singlecell,t-SNE,tsne,perplexity,30,1.0,framework,procrustes,0.3733575674343148
singlecell,t-SNE,tsne,perplexity,30,1.0,framework,knn_overlap,0.2561536517563811
singlecell,t-SNE,tsne,perplexity,30,1.0,framework,rv_final,0.590655505657196
singlecell,t-SNE,tsne,perplexity,30,1.0,framework,trustworthiness,0.8585014720868843
singlecell,t-SNE,tsne,perplexity,30,1.0,framework,ari,0.2834012409433377
singlecell,t-SNE,tsne,perplexity,50,,reference,trustworthiness,0.8908905727005075
singlecell,t-SNE,tsne,perplexity,50,,reference,ari,0.48734406918695106
singlecell,t-SNE,tsne,perplexity,50,0.25,framework,procrustes,0.13050895646317676
singlecell,t-SNE,tsne,perplexity,50,0.25,framework,knn_overlap,0.2043719989891332
singlecell,t-SNE,tsne,perplexity,50,0.25,framework,rv_final,0.697417676448822
singlecell,t-SNE,tsne,perplexity,50,0.25,framework,trustworthiness,0.8887139908896353
singlecell,t-SNE,tsne,perplexity,50,0.25,framework,ari,0.4056770897474059
singlecell,t-SNE,tsne,perplexity,50,0.5,framework,procrustes,0.28772148445128864
singlecell,t-SNE,tsne,perplexity,50,0.5,framework,knn_overlap,0.3202173363659338
singlecell,t-SNE,tsne,perplexity,50,0.5,framework,rv_final,0.5326598286628723
singlecell,t-SNE,tsne,perplexity,50,0.5,framework,trustworthiness,0.8979876598868042
singlecell,t-SNE,tsne,perplexity,50,0.5,framework,ari,0.38239452898838866
singlecell,t-SNE,tsne,perplexity,50,0.75,framework,procrustes,0.3877258779035591
singlecell,t-SNE,tsne,perplexity,50,0.75,framework,knn_overlap,0.253297952994693
singlecell,t-SNE,tsne,perplexity,50,0.75,framework,rv_final,0.5279784798622131
singlecell,t-SNE,tsne,perplexity,50,0.75,framework,trustworthiness,0.8788145218846385
singlecell,t-SNE,tsne,perplexity,50,0.75,framework,ari,0.34101217022300634
singlecell,t-SNE,tsne,perplexity,50,1.0,framework,procrustes,0.37424599196333863
singlecell,t-SNE,tsne,perplexity,50,1.0,framework,knn_overlap,0.22681324235531966
singlecell,t-SNE,tsne,perplexity,50,1.0,framework,rv_final,0.5801175832748413
singlecell,t-SNE,tsne,perplexity,50,1.0,framework,trustworthiness,0.8643951638817092
singlecell,t-SNE,tsne,perplexity,50,1.0,framework,ari,0.3236665127044975
singlecell,t-SNE,tsne,perplexity,100,,reference,trustworthiness,0.8830909137472572
singlecell,t-SNE,tsne,perplexity,100,,reference,ari,0.4987100022947471
singlecell,t-SNE,tsne,perplexity,100,0.25,framework,procrustes,0.12154630656414453
singlecell,t-SNE,tsne,perplexity,100,0.25,framework,knn_overlap,0.22448824867323727
singlecell,t-SNE,tsne,perplexity,100,0.25,framework,rv_final,0.7374399304389954
singlecell,t-SNE,tsne,perplexity,100,0.25,framework,trustworthiness,0.8863876442309319
singlecell,t-SNE,tsne,perplexity,100,0.25,framework,ari,0.39807926654085457
singlecell,t-SNE,tsne,perplexity,100,0.5,framework,procrustes,0.2021359023046158
singlecell,t-SNE,tsne,perplexity,100,0.5,framework,knn_overlap,0.29208996714682844
singlecell,t-SNE,tsne,perplexity,100,0.5,framework,rv_final,0.5983840227127075
singlecell,t-SNE,tsne,perplexity,100,0.5,framework,trustworthiness,0.8957520399746607
singlecell,t-SNE,tsne,perplexity,100,0.5,framework,ari,0.39768030233805035
singlecell,t-SNE,tsne,perplexity,100,0.75,framework,procrustes,0.36879156353239495
singlecell,t-SNE,tsne,perplexity,100,0.75,framework,knn_overlap,0.20844073793277731
singlecell,t-SNE,tsne,perplexity,100,0.75,framework,rv_final,0.5115269422531128
singlecell,t-SNE,tsne,perplexity,100,0.75,framework,trustworthiness,0.8906727144721628
singlecell,t-SNE,tsne,perplexity,100,0.75,framework,ari,0.37430036120830573
singlecell,t-SNE,tsne,perplexity,100,1.0,framework,procrustes,0.3768948553995712
singlecell,t-SNE,tsne,perplexity,100,1.0,framework,knn_overlap,0.1743492544857215
singlecell,t-SNE,tsne,perplexity,100,1.0,framework,rv_final,0.555864691734314
singlecell,t-SNE,tsne,perplexity,100,1.0,framework,trustworthiness,0.872066676620709
singlecell,t-SNE,tsne,perplexity,100,1.0,framework,ari,0.3442284304378736
singlecell,UMAP,umap,n_neighbors,5,,reference,trustworthiness,0.8591574144810055
singlecell,UMAP,umap,n_neighbors,5,,reference,ari,0.5317832130859387
singlecell,UMAP,umap,n_neighbors,5,0.25,framework,procrustes,0.40653722058367514
singlecell,UMAP,umap,n_neighbors,5,0.25,framework,knn_overlap,0.1409148344705585
singlecell,UMAP,umap,n_neighbors,5,0.25,framework,rv_final,0.40267544984817505
singlecell,UMAP,umap,n_neighbors,5,0.25,framework,trustworthiness,0.8560424853987246
singlecell,UMAP,umap,n_neighbors,5,0.25,framework,ari,0.3013378411034793
singlecell,UMAP,umap,n_neighbors,5,0.5,framework,procrustes,0.4209389599092198
singlecell,UMAP,umap,n_neighbors,5,0.5,framework,knn_overlap,0.15385392974475612
singlecell,UMAP,umap,n_neighbors,5,0.5,framework,rv_final,0.4186667501926422
singlecell,UMAP,umap,n_neighbors,5,0.5,framework,trustworthiness,0.8525855044984056
singlecell,UMAP,umap,n_neighbors,5,0.5,framework,ari,0.2996657129947261
singlecell,UMAP,umap,n_neighbors,5,0.75,framework,procrustes,0.4233586258832296
singlecell,UMAP,umap,n_neighbors,5,0.75,framework,knn_overlap,0.15835228708617638
singlecell,UMAP,umap,n_neighbors,5,0.75,framework,rv_final,0.4334869682788849
singlecell,UMAP,umap,n_neighbors,5,0.75,framework,trustworthiness,0.8482615361793197
singlecell,UMAP,umap,n_neighbors,5,0.75,framework,ari,0.2975760797517243
singlecell,UMAP,umap,n_neighbors,5,1.0,framework,procrustes,0.4411242668312251
singlecell,UMAP,umap,n_neighbors,5,1.0,framework,knn_overlap,0.15643164013141267
singlecell,UMAP,umap,n_neighbors,5,1.0,framework,rv_final,0.4470449686050415
singlecell,UMAP,umap,n_neighbors,5,1.0,framework,trustworthiness,0.8449455837635074
singlecell,UMAP,umap,n_neighbors,5,1.0,framework,ari,0.2979959921924511
singlecell,UMAP,umap,n_neighbors,15,,reference,trustworthiness,0.8619888273123457
singlecell,UMAP,umap,n_neighbors,15,,reference,ari,0.5033709479434417
singlecell,UMAP,umap,n_neighbors,15,0.25,framework,procrustes,0.416429440931299
singlecell,UMAP,umap,n_neighbors,15,0.25,framework,knn_overlap,0.14066211776598433
singlecell,UMAP,umap,n_neighbors,15,0.25,framework,rv_final,0.3896549940109253
singlecell,UMAP,umap,n_neighbors,15,0.25,framework,trustworthiness,0.8783150415726227
singlecell,UMAP,umap,n_neighbors,15,0.25,framework,ari,0.3520550942063377
singlecell,UMAP,umap,n_neighbors,15,0.5,framework,procrustes,0.42167004230821215
singlecell,UMAP,umap,n_neighbors,15,0.5,framework,knn_overlap,0.14356835986858732
singlecell,UMAP,umap,n_neighbors,15,0.5,framework,rv_final,0.41333046555519104
singlecell,UMAP,umap,n_neighbors,15,0.5,framework,trustworthiness,0.8749881493744174
singlecell,UMAP,umap,n_neighbors,15,0.5,framework,ari,0.32916262717149686
singlecell,UMAP,umap,n_neighbors,15,0.75,framework,procrustes,0.4355643638349455
singlecell,UMAP,umap,n_neighbors,15,0.75,framework,knn_overlap,0.1394996209249431
singlecell,UMAP,umap,n_neighbors,15,0.75,framework,rv_final,0.43558424711227417
singlecell,UMAP,umap,n_neighbors,15,0.75,framework,trustworthiness,0.8685585725323519
singlecell,UMAP,umap,n_neighbors,15,0.75,framework,ari,0.3256706949396511
singlecell,UMAP,umap,n_neighbors,15,1.0,framework,procrustes,0.44843959282807455
singlecell,UMAP,umap,n_neighbors,15,1.0,framework,knn_overlap,0.13568359868587312
singlecell,UMAP,umap,n_neighbors,15,1.0,framework,rv_final,0.44519567489624023
singlecell,UMAP,umap,n_neighbors,15,1.0,framework,trustworthiness,0.857293128666627
singlecell,UMAP,umap,n_neighbors,15,1.0,framework,ari,0.3103001553290557
singlecell,UMAP,umap,n_neighbors,30,,reference,trustworthiness,0.8605537346745198
singlecell,UMAP,umap,n_neighbors,30,,reference,ari,0.5206469761033049
singlecell,UMAP,umap,n_neighbors,30,0.25,framework,procrustes,0.4390275947284193
singlecell,UMAP,umap,n_neighbors,30,0.25,framework,knn_overlap,0.1417993429365681
singlecell,UMAP,umap,n_neighbors,30,0.25,framework,rv_final,0.4070628881454468
singlecell,UMAP,umap,n_neighbors,30,0.25,framework,trustworthiness,0.889176863519933
singlecell,UMAP,umap,n_neighbors,30,0.25,framework,ari,0.3953493653488179
singlecell,UMAP,umap,n_neighbors,30,0.5,framework,procrustes,0.46948062879483893
singlecell,UMAP,umap,n_neighbors,30,0.5,framework,knn_overlap,0.1400050543340915
singlecell,UMAP,umap,n_neighbors,30,0.5,framework,rv_final,0.4245966672897339
singlecell,UMAP,umap,n_neighbors,30,0.5,framework,trustworthiness,0.8821735376134748
singlecell,UMAP,umap,n_neighbors,30,0.5,framework,ari,0.36518312020711907
singlecell,UMAP,umap,n_neighbors,30,0.75,framework,procrustes,0.48737909183584216
singlecell,UMAP,umap,n_neighbors,30,0.75,framework,knn_overlap,0.13535506696992672
singlecell,UMAP,umap,n_neighbors,30,0.75,framework,rv_final,0.4442925453186035
singlecell,UMAP,umap,n_neighbors,30,0.75,framework,trustworthiness,0.8741262356179793
singlecell,UMAP,umap,n_neighbors,30,0.75,framework,ari,0.34819054567485164
singlecell,UMAP,umap,n_neighbors,30,1.0,framework,procrustes,0.4976298158322294
singlecell,UMAP,umap,n_neighbors,30,1.0,framework,knn_overlap,0.12974475612838007
singlecell,UMAP,umap,n_neighbors,30,1.0,framework,rv_final,0.45666128396987915
singlecell,UMAP,umap,n_neighbors,30,1.0,framework,trustworthiness,0.8655096493809407
singlecell,UMAP,umap,n_neighbors,30,1.0,framework,ari,0.3294431183409745
singlecell,UMAP,umap,n_neighbors,50,,reference,trustworthiness,0.8612587901199849
singlecell,UMAP,umap,n_neighbors,50,,reference,ari,0.5136933726109251
singlecell,UMAP,umap,n_neighbors,50,0.25,framework,procrustes,0.3560129271957838
singlecell,UMAP,umap,n_neighbors,50,0.25,framework,knn_overlap,0.14217841799342937
singlecell,UMAP,umap,n_neighbors,50,0.25,framework,rv_final,0.4378094971179962
singlecell,UMAP,umap,n_neighbors,50,0.25,framework,trustworthiness,0.8935118006137682
singlecell,UMAP,umap,n_neighbors,50,0.25,framework,ari,0.4415964476932611
singlecell,UMAP,umap,n_neighbors,50,0.5,framework,procrustes,0.4102629300494406
singlecell,UMAP,umap,n_neighbors,50,0.5,framework,knn_overlap,0.1387161991407632
singlecell,UMAP,umap,n_neighbors,50,0.5,framework,rv_final,0.44390302896499634
singlecell,UMAP,umap,n_neighbors,50,0.5,framework,trustworthiness,0.8878126282005749
singlecell,UMAP,umap,n_neighbors,50,0.5,framework,ari,0.38959850340044094
singlecell,UMAP,umap,n_neighbors,50,0.75,framework,procrustes,0.45055619042687955
singlecell,UMAP,umap,n_neighbors,50,0.75,framework,knn_overlap,0.13042709123073035
singlecell,UMAP,umap,n_neighbors,50,0.75,framework,rv_final,0.456514447927475
singlecell,UMAP,umap,n_neighbors,50,0.75,framework,trustworthiness,0.8765486532808958
singlecell,UMAP,umap,n_neighbors,50,0.75,framework,ari,0.34754573420735896
singlecell,UMAP,umap,n_neighbors,50,1.0,framework,procrustes,0.46406473324888975
singlecell,UMAP,umap,n_neighbors,50,1.0,framework,knn_overlap,0.12362901187768512
singlecell,UMAP,umap,n_neighbors,50,1.0,framework,rv_final,0.46398115158081055
singlecell,UMAP,umap,n_neighbors,50,1.0,framework,trustworthiness,0.8688950191615314
singlecell,UMAP,umap,n_neighbors,50,1.0,framework,ari,0.3339055559867951
singlecell,UMAP,umap,n_neighbors,100,,reference,trustworthiness,0.8604504059171466
singlecell,UMAP,umap,n_neighbors,100,,reference,ari,0.5135481116144273
singlecell,UMAP,umap,n_neighbors,100,0.25,framework,procrustes,0.4195539943319171
singlecell,UMAP,umap,n_neighbors,100,0.25,framework,knn_overlap,0.14346727318675764
singlecell,UMAP,umap,n_neighbors,100,0.25,framework,rv_final,0.5076366662979126
singlecell,UMAP,umap,n_neighbors,100,0.25,framework,trustworthiness,0.8957383652466694
singlecell,UMAP,umap,n_neighbors,100,0.25,framework,ari,0.39978373107549053
singlecell,UMAP,umap,n_neighbors,100,0.5,framework,procrustes,0.514083851589856
singlecell,UMAP,umap,n_neighbors,100,0.5,framework,knn_overlap,0.14660096032347736
singlecell,UMAP,umap,n_neighbors,100,0.5,framework,rv_final,0.4854904115200043
singlecell,UMAP,umap,n_neighbors,100,0.5,framework,trustworthiness,0.8938630140163546
singlecell,UMAP,umap,n_neighbors,100,0.5,framework,ari,0.4328768697382125
singlecell,UMAP,umap,n_neighbors,100,0.75,framework,procrustes,0.5752505800170424
singlecell,UMAP,umap,n_neighbors,100,0.75,framework,knn_overlap,0.1321202931513773
singlecell,UMAP,umap,n_neighbors,100,0.75,framework,rv_final,0.47183114290237427
singlecell,UMAP,umap,n_neighbors,100,0.75,framework,trustworthiness,0.8803214672451608
singlecell,UMAP,umap,n_neighbors,100,0.75,framework,ari,0.3628004457940459
singlecell,UMAP,umap,n_neighbors,100,1.0,framework,procrustes,0.5964304773619356
singlecell,UMAP,umap,n_neighbors,100,1.0,framework,knn_overlap,0.12620672226434168
singlecell,UMAP,umap,n_neighbors,100,1.0,framework,rv_final,0.4720929265022278
singlecell,UMAP,umap,n_neighbors,100,1.0,framework,trustworthiness,0.8703592201249474
singlecell,UMAP,umap,n_neighbors,100,1.0,framework,ari,0.32568176884620337
mnist,t-SNE,tsne,perplexity,5,,reference,trustworthiness,0.9434585061541055
mnist,t-SNE,tsne,perplexity,5,,reference,ari,0.4630934687297281
mnist,t-SNE,tsne,perplexity,5,0.25,framework,procrustes,0.34655471551202977
mnist,t-SNE,tsne,perplexity,5,0.25,framework,knn_overlap,0.47973333333333334
mnist,t-SNE,tsne,perplexity,5,0.25,framework,rv_final,0.6831915378570557
mnist,t-SNE,tsne,perplexity,5,0.25,framework,trustworthiness,0.953536958354409
mnist,t-SNE,tsne,perplexity,5,0.25,framework,ari,0.3997295370804964
mnist,t-SNE,tsne,perplexity,5,0.5,framework,procrustes,0.3385653010130535
mnist,t-SNE,tsne,perplexity,5,0.5,framework,knn_overlap,0.5287333333333334
mnist,t-SNE,tsne,perplexity,5,0.5,framework,rv_final,0.7740871906280518
mnist,t-SNE,tsne,perplexity,5,0.5,framework,trustworthiness,0.9272746754341595
mnist,t-SNE,tsne,perplexity,5,0.5,framework,ari,0.28838863740311016
mnist,t-SNE,tsne,perplexity,5,0.75,framework,procrustes,0.3471061893640128
mnist,t-SNE,tsne,perplexity,5,0.75,framework,knn_overlap,0.5229
mnist,t-SNE,tsne,perplexity,5,0.75,framework,rv_final,0.8055362701416016
mnist,t-SNE,tsne,perplexity,5,0.75,framework,trustworthiness,0.8873250042151408
mnist,t-SNE,tsne,perplexity,5,0.75,framework,ari,0.24515346018852555
mnist,t-SNE,tsne,perplexity,5,1.0,framework,procrustes,0.37916262993873096
mnist,t-SNE,tsne,perplexity,5,1.0,framework,knn_overlap,0.47179999999999994
mnist,t-SNE,tsne,perplexity,5,1.0,framework,rv_final,0.8215547204017639
mnist,t-SNE,tsne,perplexity,5,1.0,framework,trustworthiness,0.865133754847412
mnist,t-SNE,tsne,perplexity,5,1.0,framework,ari,0.19786811094924475
mnist,t-SNE,tsne,perplexity,15,,reference,trustworthiness,0.9505015511718091
mnist,t-SNE,tsne,perplexity,15,,reference,ari,0.5095098662140752
mnist,t-SNE,tsne,perplexity,15,0.25,framework,procrustes,0.3258430476944165
mnist,t-SNE,tsne,perplexity,15,0.25,framework,knn_overlap,0.5123000000000001
mnist,t-SNE,tsne,perplexity,15,0.25,framework,rv_final,0.6827735304832458
mnist,t-SNE,tsne,perplexity,15,0.25,framework,trustworthiness,0.9546499747091552
mnist,t-SNE,tsne,perplexity,15,0.25,framework,ari,0.3887227095848922
mnist,t-SNE,tsne,perplexity,15,0.5,framework,procrustes,0.29394589774173663
mnist,t-SNE,tsne,perplexity,15,0.5,framework,knn_overlap,0.5534333333333334
mnist,t-SNE,tsne,perplexity,15,0.5,framework,rv_final,0.7506056427955627
mnist,t-SNE,tsne,perplexity,15,0.5,framework,trustworthiness,0.9447850446804923
mnist,t-SNE,tsne,perplexity,15,0.5,framework,ari,0.3629887735969175
mnist,t-SNE,tsne,perplexity,15,0.75,framework,procrustes,0.2968905143321473
mnist,t-SNE,tsne,perplexity,15,0.75,framework,knn_overlap,0.5563333333333332
mnist,t-SNE,tsne,perplexity,15,0.75,framework,rv_final,0.7932139039039612
mnist,t-SNE,tsne,perplexity,15,0.75,framework,trustworthiness,0.9181694486595853
mnist,t-SNE,tsne,perplexity,15,0.75,framework,ari,0.32243028699894505
mnist,t-SNE,tsne,perplexity,15,1.0,framework,procrustes,0.329085024445543
mnist,t-SNE,tsne,perplexity,15,1.0,framework,knn_overlap,0.5079666666666667
mnist,t-SNE,tsne,perplexity,15,1.0,framework,rv_final,0.8106264472007751
mnist,t-SNE,tsne,perplexity,15,1.0,framework,trustworthiness,0.891365048052605
mnist,t-SNE,tsne,perplexity,15,1.0,framework,ari,0.25374337944059194
mnist,t-SNE,tsne,perplexity,30,,reference,trustworthiness,0.9516758893947058
mnist,t-SNE,tsne,perplexity,30,,reference,ari,0.5265641199897582
mnist,t-SNE,tsne,perplexity,30,0.25,framework,procrustes,0.3492732942392395
mnist,t-SNE,tsne,perplexity,30,0.25,framework,knn_overlap,0.5028666666666666
mnist,t-SNE,tsne,perplexity,30,0.25,framework,rv_final,0.6850829720497131
mnist,t-SNE,tsne,perplexity,30,0.25,framework,trustworthiness,0.9514211431461811
mnist,t-SNE,tsne,perplexity,30,0.25,framework,ari,0.37582645223906413
mnist,t-SNE,tsne,perplexity,30,0.5,framework,procrustes,0.25370330314439093
mnist,t-SNE,tsne,perplexity,30,0.5,framework,knn_overlap,0.5671666666666667
mnist,t-SNE,tsne,perplexity,30,0.5,framework,rv_final,0.7368233799934387
mnist,t-SNE,tsne,perplexity,30,0.5,framework,trustworthiness,0.9499836789748778
mnist,t-SNE,tsne,perplexity,30,0.5,framework,ari,0.3982400467711225
mnist,t-SNE,tsne,perplexity,30,0.75,framework,procrustes,0.26851079770394165
mnist,t-SNE,tsne,perplexity,30,0.75,framework,knn_overlap,0.5529666666666666
mnist,t-SNE,tsne,perplexity,30,0.75,framework,rv_final,0.7816036939620972
mnist,t-SNE,tsne,perplexity,30,0.75,framework,trustworthiness,0.9301018040802563
mnist,t-SNE,tsne,perplexity,30,0.75,framework,ari,0.358387048268164
mnist,t-SNE,tsne,perplexity,30,1.0,framework,procrustes,0.30158146793911284
mnist,t-SNE,tsne,perplexity,30,1.0,framework,knn_overlap,0.5060666666666666
mnist,t-SNE,tsne,perplexity,30,1.0,framework,rv_final,0.8045803308486938
mnist,t-SNE,tsne,perplexity,30,1.0,framework,trustworthiness,0.9064282920249537
mnist,t-SNE,tsne,perplexity,30,1.0,framework,ari,0.27034855482811265
mnist,t-SNE,tsne,perplexity,50,,reference,trustworthiness,0.9513696847074692
mnist,t-SNE,tsne,perplexity,50,,reference,ari,0.4495481690632028
mnist,t-SNE,tsne,perplexity,50,0.25,framework,procrustes,0.4051578109366846
mnist,t-SNE,tsne,perplexity,50,0.25,framework,knn_overlap,0.4577333333333333
mnist,t-SNE,tsne,perplexity,50,0.25,framework,rv_final,0.691882848739624
mnist,t-SNE,tsne,perplexity,50,0.25,framework,trustworthiness,0.9470779463834093
mnist,t-SNE,tsne,perplexity,50,0.25,framework,ari,0.41437667551600676
mnist,t-SNE,tsne,perplexity,50,0.5,framework,procrustes,0.4554237171391711
mnist,t-SNE,tsne,perplexity,50,0.5,framework,knn_overlap,0.5355333333333333
mnist,t-SNE,tsne,perplexity,50,0.5,framework,rv_final,0.7273668050765991
mnist,t-SNE,tsne,perplexity,50,0.5,framework,trustworthiness,0.9532317821615242
mnist,t-SNE,tsne,perplexity,50,0.5,framework,ari,0.40963974558396093
mnist,t-SNE,tsne,perplexity,50,0.75,framework,procrustes,0.4471506385738662
mnist,t-SNE,tsne,perplexity,50,0.75,framework,knn_overlap,0.5238666666666667
mnist,t-SNE,tsne,perplexity,50,0.75,framework,rv_final,0.7705642580986023
mnist,t-SNE,tsne,perplexity,50,0.75,framework,trustworthiness,0.9368020569887034
mnist,t-SNE,tsne,perplexity,50,0.75,framework,ari,0.3905247207435034
mnist,t-SNE,tsne,perplexity,50,1.0,framework,procrustes,0.4732628034226435
mnist,t-SNE,tsne,perplexity,50,1.0,framework,knn_overlap,0.4961333333333333
mnist,t-SNE,tsne,perplexity,50,1.0,framework,rv_final,0.7976358532905579
mnist,t-SNE,tsne,perplexity,50,1.0,framework,trustworthiness,0.9153004046535155
mnist,t-SNE,tsne,perplexity,50,1.0,framework,ari,0.3006943942998588
mnist,t-SNE,tsne,perplexity,100,,reference,trustworthiness,0.9484013319844883
mnist,t-SNE,tsne,perplexity,100,,reference,ari,0.46938931512952037
mnist,t-SNE,tsne,perplexity,100,0.25,framework,procrustes,0.6439963457813063
mnist,t-SNE,tsne,perplexity,100,0.25,framework,knn_overlap,0.47279999999999994
mnist,t-SNE,tsne,perplexity,100,0.25,framework,rv_final,0.6923481225967407
mnist,t-SNE,tsne,perplexity,100,0.25,framework,trustworthiness,0.9435064575956837
mnist,t-SNE,tsne,perplexity,100,0.25,framework,ari,0.3970068407290031
mnist,t-SNE,tsne,perplexity,100,0.5,framework,procrustes,0.6912502943291268
mnist,t-SNE,tsne,perplexity,100,0.5,framework,knn_overlap,0.5576333333333334
mnist,t-SNE,tsne,perplexity,100,0.5,framework,rv_final,0.7214464545249939
mnist,t-SNE,tsne,perplexity,100,0.5,framework,trustworthiness,0.9536301466868994
mnist,t-SNE,tsne,perplexity,100,0.5,framework,ari,0.45813758036884805
mnist,t-SNE,tsne,perplexity,100,0.75,framework,procrustes,0.7050587598133236
mnist,t-SNE,tsne,perplexity,100,0.75,framework,knn_overlap,0.5292333333333333
mnist,t-SNE,tsne,perplexity,100,0.75,framework,rv_final,0.7510726451873779
mnist,t-SNE,tsne,perplexity,100,0.75,framework,trustworthiness,0.9436801888383072
mnist,t-SNE,tsne,perplexity,100,0.75,framework,ari,0.3940266256823744
mnist,t-SNE,tsne,perplexity,100,1.0,framework,procrustes,0.6996684751208978
mnist,t-SNE,tsne,perplexity,100,1.0,framework,knn_overlap,0.4889
mnist,t-SNE,tsne,perplexity,100,1.0,framework,rv_final,0.7828507423400879
mnist,t-SNE,tsne,perplexity,100,1.0,framework,trustworthiness,0.9252536671724836
mnist,t-SNE,tsne,perplexity,100,1.0,framework,ari,0.3601044056896315
mnist,UMAP,umap,n_neighbors,5,,reference,trustworthiness,0.9446409037261845
mnist,UMAP,umap,n_neighbors,5,,reference,ari,0.4759298039470068
mnist,UMAP,umap,n_neighbors,5,0.25,framework,procrustes,0.34445546103752
mnist,UMAP,umap,n_neighbors,5,0.25,framework,knn_overlap,0.44273333333333337
mnist,UMAP,umap,n_neighbors,5,0.25,framework,rv_final,0.6126405596733093
mnist,UMAP,umap,n_neighbors,5,0.25,framework,trustworthiness,0.9189158657899174
mnist,UMAP,umap,n_neighbors,5,0.25,framework,ari,0.24843569233254045
mnist,UMAP,umap,n_neighbors,5,0.5,framework,procrustes,0.35347012753653384
mnist,UMAP,umap,n_neighbors,5,0.5,framework,knn_overlap,0.4466666666666667
mnist,UMAP,umap,n_neighbors,5,0.5,framework,rv_final,0.6318365335464478
mnist,UMAP,umap,n_neighbors,5,0.5,framework,trustworthiness,0.9040396223233856
mnist,UMAP,umap,n_neighbors,5,0.5,framework,ari,0.2562461487171228
mnist,UMAP,umap,n_neighbors,5,0.75,framework,procrustes,0.35402143645466033
mnist,UMAP,umap,n_neighbors,5,0.75,framework,knn_overlap,0.44276666666666664
mnist,UMAP,umap,n_neighbors,5,0.75,framework,rv_final,0.6472436785697937
mnist,UMAP,umap,n_neighbors,5,0.75,framework,trustworthiness,0.8969287472601585
mnist,UMAP,umap,n_neighbors,5,0.75,framework,ari,0.22514558600813353
mnist,UMAP,umap,n_neighbors,5,1.0,framework,procrustes,0.35768121970028677
mnist,UMAP,umap,n_neighbors,5,1.0,framework,knn_overlap,0.4197666666666667
mnist,UMAP,umap,n_neighbors,5,1.0,framework,rv_final,0.6579999923706055
mnist,UMAP,umap,n_neighbors,5,1.0,framework,trustworthiness,0.882437312426235
mnist,UMAP,umap,n_neighbors,5,1.0,framework,ari,0.2217474194304458
mnist,UMAP,umap,n_neighbors,15,,reference,trustworthiness,0.9423516944865958
mnist,UMAP,umap,n_neighbors,15,,reference,ari,0.5113233466523053
mnist,UMAP,umap,n_neighbors,15,0.25,framework,procrustes,0.3335502928899544
mnist,UMAP,umap,n_neighbors,15,0.25,framework,knn_overlap,0.46563333333333334
mnist,UMAP,umap,n_neighbors,15,0.25,framework,rv_final,0.6108989715576172
mnist,UMAP,umap,n_neighbors,15,0.25,framework,trustworthiness,0.9484514247175856
mnist,UMAP,umap,n_neighbors,15,0.25,framework,ari,0.33991024238629214
mnist,UMAP,umap,n_neighbors,15,0.5,framework,procrustes,0.3256666056765118
mnist,UMAP,umap,n_neighbors,15,0.5,framework,knn_overlap,0.4644666666666667
mnist,UMAP,umap,n_neighbors,15,0.5,framework,rv_final,0.6431592106819153
mnist,UMAP,umap,n_neighbors,15,0.5,framework,trustworthiness,0.9401695666835272
mnist,UMAP,umap,n_neighbors,15,0.5,framework,ari,0.33562021970932493
mnist,UMAP,umap,n_neighbors,15,0.75,framework,procrustes,0.341099853902175
mnist,UMAP,umap,n_neighbors,15,0.75,framework,knn_overlap,0.4512333333333334
mnist,UMAP,umap,n_neighbors,15,0.75,framework,rv_final,0.6668535470962524
mnist,UMAP,umap,n_neighbors,15,0.75,framework,trustworthiness,0.9352572416118698
mnist,UMAP,umap,n_neighbors,15,0.75,framework,ari,0.3339491349390879
mnist,UMAP,umap,n_neighbors,15,1.0,framework,procrustes,0.35624130007800436
mnist,UMAP,umap,n_neighbors,15,1.0,framework,knn_overlap,0.44270000000000004
mnist,UMAP,umap,n_neighbors,15,1.0,framework,rv_final,0.6793375611305237
mnist,UMAP,umap,n_neighbors,15,1.0,framework,trustworthiness,0.9253636992075536
mnist,UMAP,umap,n_neighbors,15,1.0,framework,ari,0.2928397244209342
mnist,UMAP,umap,n_neighbors,30,,reference,trustworthiness,0.936448524700725
mnist,UMAP,umap,n_neighbors,30,,reference,ari,0.48739398089893937
mnist,UMAP,umap,n_neighbors,30,0.25,framework,procrustes,0.3075759608421363
mnist,UMAP,umap,n_neighbors,30,0.25,framework,knn_overlap,0.44339999999999996
mnist,UMAP,umap,n_neighbors,30,0.25,framework,rv_final,0.6164087653160095
mnist,UMAP,umap,n_neighbors,30,0.25,framework,trustworthiness,0.9554357106727365
mnist,UMAP,umap,n_neighbors,30,0.25,framework,ari,0.3592403710401259
mnist,UMAP,umap,n_neighbors,30,0.5,framework,procrustes,0.3224734345548551
mnist,UMAP,umap,n_neighbors,30,0.5,framework,knn_overlap,0.4436333333333333
mnist,UMAP,umap,n_neighbors,30,0.5,framework,rv_final,0.6573505401611328
mnist,UMAP,umap,n_neighbors,30,0.5,framework,trustworthiness,0.9496571067273647
mnist,UMAP,umap,n_neighbors,30,0.5,framework,ari,0.3718848851720106
mnist,UMAP,umap,n_neighbors,30,0.75,framework,procrustes,0.33070143764237026
mnist,UMAP,umap,n_neighbors,30,0.75,framework,knn_overlap,0.42069999999999996
mnist,UMAP,umap,n_neighbors,30,0.75,framework,rv_final,0.6809874176979065
mnist,UMAP,umap,n_neighbors,30,0.75,framework,trustworthiness,0.9395980778958017
mnist,UMAP,umap,n_neighbors,30,0.75,framework,ari,0.35706475579287544
mnist,UMAP,umap,n_neighbors,30,1.0,framework,procrustes,0.33272294398166335
mnist,UMAP,umap,n_neighbors,30,1.0,framework,knn_overlap,0.41056666666666664
mnist,UMAP,umap,n_neighbors,30,1.0,framework,rv_final,0.6952081918716431
mnist,UMAP,umap,n_neighbors,30,1.0,framework,trustworthiness,0.9347018546619457
mnist,UMAP,umap,n_neighbors,30,1.0,framework,ari,0.33739245512207855
mnist,UMAP,umap,n_neighbors,50,,reference,trustworthiness,0.9346662788737143
mnist,UMAP,umap,n_neighbors,50,,reference,ari,0.500173624096234
mnist,UMAP,umap,n_neighbors,50,0.25,framework,procrustes,0.2960483454392376
mnist,UMAP,umap,n_neighbors,50,0.25,framework,knn_overlap,0.43853333333333333
mnist,UMAP,umap,n_neighbors,50,0.25,framework,rv_final,0.6264992356300354
mnist,UMAP,umap,n_neighbors,50,0.25,framework,trustworthiness,0.9545464845725847
mnist,UMAP,umap,n_neighbors,50,0.25,framework,ari,0.3731107764348096
mnist,UMAP,umap,n_neighbors,50,0.5,framework,procrustes,0.31187557839185
mnist,UMAP,umap,n_neighbors,50,0.5,framework,knn_overlap,0.4369666666666666
mnist,UMAP,umap,n_neighbors,50,0.5,framework,rv_final,0.6664653420448303
mnist,UMAP,umap,n_neighbors,50,0.5,framework,trustworthiness,0.9515713876243467
mnist,UMAP,umap,n_neighbors,50,0.5,framework,ari,0.3802067240205473
mnist,UMAP,umap,n_neighbors,50,0.75,framework,procrustes,0.3315128052209906
mnist,UMAP,umap,n_neighbors,50,0.75,framework,knn_overlap,0.4166
mnist,UMAP,umap,n_neighbors,50,0.75,framework,rv_final,0.6939221620559692
mnist,UMAP,umap,n_neighbors,50,0.75,framework,trustworthiness,0.9439762603270949
mnist,UMAP,umap,n_neighbors,50,0.75,framework,ari,0.3623376319169161
mnist,UMAP,umap,n_neighbors,50,1.0,framework,procrustes,0.3148009089751508
mnist,UMAP,umap,n_neighbors,50,1.0,framework,knn_overlap,0.39163333333333333
mnist,UMAP,umap,n_neighbors,50,1.0,framework,rv_final,0.7029692530632019
mnist,UMAP,umap,n_neighbors,50,1.0,framework,trustworthiness,0.9343516439049064
mnist,UMAP,umap,n_neighbors,50,1.0,framework,ari,0.34190247838912186
mnist,UMAP,umap,n_neighbors,100,,reference,trustworthiness,0.9273096611026809
mnist,UMAP,umap,n_neighbors,100,,reference,ari,0.47088483960907423
mnist,UMAP,umap,n_neighbors,100,0.25,framework,procrustes,0.3135134760725684
mnist,UMAP,umap,n_neighbors,100,0.25,framework,knn_overlap,0.4299
mnist,UMAP,umap,n_neighbors,100,0.25,framework,rv_final,0.635576069355011
mnist,UMAP,umap,n_neighbors,100,0.25,framework,trustworthiness,0.9493065081773732
mnist,UMAP,umap,n_neighbors,100,0.25,framework,ari,0.3964904602314242
mnist,UMAP,umap,n_neighbors,100,0.5,framework,procrustes,0.28930859385385094
mnist,UMAP,umap,n_neighbors,100,0.5,framework,knn_overlap,0.4177666666666667
mnist,UMAP,umap,n_neighbors,100,0.5,framework,rv_final,0.6815943717956543
mnist,UMAP,umap,n_neighbors,100,0.5,framework,trustworthiness,0.9529115157646265
mnist,UMAP,umap,n_neighbors,100,0.5,framework,ari,0.40374264056344616
mnist,UMAP,umap,n_neighbors,100,0.75,framework,procrustes,0.2970000983877497
mnist,UMAP,umap,n_neighbors,100,0.75,framework,knn_overlap,0.39676666666666666
mnist,UMAP,umap,n_neighbors,100,0.75,framework,rv_final,0.7054212689399719
mnist,UMAP,umap,n_neighbors,100,0.75,framework,trustworthiness,0.9455502613387288
mnist,UMAP,umap,n_neighbors,100,0.75,framework,ari,0.38432514413101565
mnist,UMAP,umap,n_neighbors,100,1.0,framework,procrustes,0.30249179255356806
mnist,UMAP,umap,n_neighbors,100,1.0,framework,knn_overlap,0.37573333333333336
mnist,UMAP,umap,n_neighbors,100,1.0,framework,rv_final,0.7123430371284485
mnist,UMAP,umap,n_neighbors,100,1.0,framework,trustworthiness,0.9347719777440566
mnist,UMAP,umap,n_neighbors,100,1.0,framework,ari,0.34681566062858965
swissroll,t-SNE,tsne,perplexity,5,,reference,trustworthiness,0.9959567526555387
swissroll,t-SNE,tsne,perplexity,5,0.25,framework,procrustes,0.1014254617115556
swissroll,t-SNE,tsne,perplexity,5,0.25,framework,knn_overlap,0.7660999999999999
swissroll,t-SNE,tsne,perplexity,5,0.25,framework,rv_final,0.9346699714660645
swissroll,t-SNE,tsne,perplexity,5,0.25,framework,trustworthiness,0.9975041476985331
swissroll,t-SNE,tsne,perplexity,5,0.5,framework,procrustes,0.1012099653942713
swissroll,t-SNE,tsne,perplexity,5,0.5,framework,knn_overlap,0.7573666666666666
swissroll,t-SNE,tsne,perplexity,5,0.5,framework,rv_final,0.9270324110984802
swissroll,t-SNE,tsne,perplexity,5,0.5,framework,trustworthiness,0.9845810318664644
swissroll,t-SNE,tsne,perplexity,5,0.75,framework,procrustes,0.1056495736300814
swissroll,t-SNE,tsne,perplexity,5,0.75,framework,knn_overlap,0.6946
swissroll,t-SNE,tsne,perplexity,5,0.75,framework,rv_final,0.9195472002029419
swissroll,t-SNE,tsne,perplexity,5,0.75,framework,trustworthiness,0.9716873545776429
swissroll,t-SNE,tsne,perplexity,5,1.0,framework,procrustes,0.10655190972259251
swissroll,t-SNE,tsne,perplexity,5,1.0,framework,knn_overlap,0.6407666666666667
swissroll,t-SNE,tsne,perplexity,5,1.0,framework,rv_final,0.9122457504272461
swissroll,t-SNE,tsne,perplexity,5,1.0,framework,trustworthiness,0.965120536165908
swissroll,t-SNE,tsne,perplexity,15,,reference,trustworthiness,0.999204484909796
swissroll,t-SNE,tsne,perplexity,15,0.25,framework,procrustes,0.6177922140683411
swissroll,t-SNE,tsne,perplexity,15,0.25,framework,knn_overlap,0.8094000000000001
swissroll,t-SNE,tsne,perplexity,15,0.25,framework,rv_final,0.9395502805709839
swissroll,t-SNE,tsne,perplexity,15,0.25,framework,trustworthiness,0.999761743382229
swissroll,t-SNE,tsne,perplexity,15,0.5,framework,procrustes,0.6107979554514417
swissroll,t-SNE,tsne,perplexity,15,0.5,framework,knn_overlap,0.8396000000000001
swissroll,t-SNE,tsne,perplexity,15,0.5,framework,rv_final,0.9394868612289429
swissroll,t-SNE,tsne,perplexity,15,0.5,framework,trustworthiness,0.9990576968470747
swissroll,t-SNE,tsne,perplexity,15,0.75,framework,procrustes,0.6013111922397423
swissroll,t-SNE,tsne,perplexity,15,0.75,framework,knn_overlap,0.8438333333333333
swissroll,t-SNE,tsne,perplexity,15,0.75,framework,rv_final,0.9354883432388306
swissroll,t-SNE,tsne,perplexity,15,0.75,framework,trustworthiness,0.9974460630585061
swissroll,t-SNE,tsne,perplexity,15,1.0,framework,procrustes,0.6132525562021314
swissroll,t-SNE,tsne,perplexity,15,1.0,framework,knn_overlap,0.8325333333333333
swissroll,t-SNE,tsne,perplexity,15,1.0,framework,rv_final,0.9322519898414612
swissroll,t-SNE,tsne,perplexity,15,1.0,framework,trustworthiness,0.9947404653515427
swissroll,t-SNE,tsne,perplexity,30,,reference,trustworthiness,0.9995124936772888
swissroll,t-SNE,tsne,perplexity,30,0.25,framework,procrustes,0.8160715340885003
swissroll,t-SNE,tsne,perplexity,30,0.25,framework,knn_overlap,0.8334333333333334
swissroll,t-SNE,tsne,perplexity,30,0.25,framework,rv_final,0.9316272139549255
swissroll,t-SNE,tsne,perplexity,30,0.25,framework,trustworthiness,0.9979551171809139
swissroll,t-SNE,tsne,perplexity,30,0.5,framework,procrustes,0.7749279609611965
swissroll,t-SNE,tsne,perplexity,30,0.5,framework,knn_overlap,0.8621333333333334
swissroll,t-SNE,tsne,perplexity,30,0.5,framework,rv_final,0.9407477974891663
swissroll,t-SNE,tsne,perplexity,30,0.5,framework,trustworthiness,0.9997693306356432
swissroll,t-SNE,tsne,perplexity,30,0.75,framework,procrustes,0.7734276750973692
swissroll,t-SNE,tsne,perplexity,30,0.75,framework,knn_overlap,0.8680000000000001
swissroll,t-SNE,tsne,perplexity,30,0.75,framework,rv_final,0.9393235445022583
swissroll,t-SNE,tsne,perplexity,30,0.75,framework,trustworthiness,0.9991669195751138
swissroll,t-SNE,tsne,perplexity,30,1.0,framework,procrustes,0.764616994210733
swissroll,t-SNE,tsne,perplexity,30,1.0,framework,knn_overlap,0.8650666666666669
swissroll,t-SNE,tsne,perplexity,30,1.0,framework,rv_final,0.9368443489074707
swissroll,t-SNE,tsne,perplexity,30,1.0,framework,trustworthiness,0.9986976563817231
swissroll,t-SNE,tsne,perplexity,50,,reference,trustworthiness,0.9996487270274828
swissroll,t-SNE,tsne,perplexity,50,0.25,framework,procrustes,0.8891365283034061
swissroll,t-SNE,tsne,perplexity,50,0.25,framework,knn_overlap,0.8548666666666668
swissroll,t-SNE,tsne,perplexity,50,0.25,framework,rv_final,0.9119250774383545
swissroll,t-SNE,tsne,perplexity,50,0.25,framework,trustworthiness,0.9994988703422695
swissroll,t-SNE,tsne,perplexity,50,0.5,framework,procrustes,0.8245923720026276
swissroll,t-SNE,tsne,perplexity,50,0.5,framework,knn_overlap,0.8666666666666667
swissroll,t-SNE,tsne,perplexity,50,0.5,framework,rv_final,0.9347949624061584
swissroll,t-SNE,tsne,perplexity,50,0.5,framework,trustworthiness,0.999060917214635
swissroll,t-SNE,tsne,perplexity,50,0.75,framework,procrustes,0.8021210719475813
swissroll,t-SNE,tsne,perplexity,50,0.75,framework,knn_overlap,0.8760000000000002
swissroll,t-SNE,tsne,perplexity,50,0.75,framework,rv_final,0.9392679929733276
swissroll,t-SNE,tsne,perplexity,50,0.75,framework,trustworthiness,0.9997675265553869
swissroll,t-SNE,tsne,perplexity,50,1.0,framework,procrustes,0.8120106078911
swissroll,t-SNE,tsne,perplexity,50,1.0,framework,knn_overlap,0.8726000000000002
swissroll,t-SNE,tsne,perplexity,50,1.0,framework,rv_final,0.93953937292099
swissroll,t-SNE,tsne,perplexity,50,1.0,framework,trustworthiness,0.9997431799022087
swissroll,t-SNE,tsne,perplexity,100,,reference,trustworthiness,0.9995525712358793
swissroll,t-SNE,tsne,perplexity,100,0.25,framework,procrustes,0.532624946515331
swissroll,t-SNE,tsne,perplexity,100,0.25,framework,knn_overlap,0.8117666666666667
swissroll,t-SNE,tsne,perplexity,100,0.25,framework,rv_final,0.8834822773933411
swissroll,t-SNE,tsne,perplexity,100,0.25,framework,trustworthiness,0.9985452368909121
swissroll,t-SNE,tsne,perplexity,100,0.5,framework,procrustes,0.2840788825469452
swissroll,t-SNE,tsne,perplexity,100,0.5,framework,knn_overlap,0.8758000000000001
swissroll,t-SNE,tsne,perplexity,100,0.5,framework,rv_final,0.9240318536758423
swissroll,t-SNE,tsne,perplexity,100,0.5,framework,trustworthiness,0.9982530770527736
swissroll,t-SNE,tsne,perplexity,100,0.75,framework,procrustes,0.2886759982737882
swissroll,t-SNE,tsne,perplexity,100,0.75,framework,knn_overlap,0.8670000000000001
swissroll,t-SNE,tsne,perplexity,100,0.75,framework,rv_final,0.9346294403076172
swissroll,t-SNE,tsne,perplexity,100,0.75,framework,trustworthiness,0.9987391670881808
swissroll,t-SNE,tsne,perplexity,100,1.0,framework,procrustes,0.3118583061712397
swissroll,t-SNE,tsne,perplexity,100,1.0,framework,knn_overlap,0.8605666666666668
swissroll,t-SNE,tsne,perplexity,100,1.0,framework,rv_final,0.932960033416748
swissroll,t-SNE,tsne,perplexity,100,1.0,framework,trustworthiness,0.9992306356432304
swissroll,UMAP,umap,n_neighbors,5,,reference,trustworthiness,0.996680273141123
swissroll,UMAP,umap,n_neighbors,5,0.25,framework,procrustes,0.14305403719979376
swissroll,UMAP,umap,n_neighbors,5,0.25,framework,knn_overlap,0.7119000000000001
swissroll,UMAP,umap,n_neighbors,5,0.25,framework,rv_final,0.8225821852684021
swissroll,UMAP,umap,n_neighbors,5,0.25,framework,trustworthiness,0.9849733603102344
swissroll,UMAP,umap,n_neighbors,5,0.5,framework,procrustes,0.14516716523672948
swissroll,UMAP,umap,n_neighbors,5,0.5,framework,knn_overlap,0.7119333333333334
swissroll,UMAP,umap,n_neighbors,5,0.5,framework,rv_final,0.8347708582878113
swissroll,UMAP,umap,n_neighbors,5,0.5,framework,trustworthiness,0.9836203169785871
swissroll,UMAP,umap,n_neighbors,5,0.75,framework,procrustes,0.1483728801878479
swissroll,UMAP,umap,n_neighbors,5,0.75,framework,knn_overlap,0.6731999999999999
swissroll,UMAP,umap,n_neighbors,5,0.75,framework,rv_final,0.8367679715156555
swissroll,UMAP,umap,n_neighbors,5,0.75,framework,trustworthiness,0.9730779801045355
swissroll,UMAP,umap,n_neighbors,5,1.0,framework,procrustes,0.14530994207356807
swissroll,UMAP,umap,n_neighbors,5,1.0,framework,knn_overlap,0.6440999999999999
swissroll,UMAP,umap,n_neighbors,5,1.0,framework,rv_final,0.8342660069465637
swissroll,UMAP,umap,n_neighbors,5,1.0,framework,trustworthiness,0.9690054796830214
swissroll,UMAP,umap,n_neighbors,15,,reference,trustworthiness,0.9988536165907941
swissroll,UMAP,umap,n_neighbors,15,0.25,framework,procrustes,0.36925304582902096
swissroll,UMAP,umap,n_neighbors,15,0.25,framework,knn_overlap,0.8239666666666667
swissroll,UMAP,umap,n_neighbors,15,0.25,framework,rv_final,0.8499239683151245
swissroll,UMAP,umap,n_neighbors,15,0.25,framework,trustworthiness,0.9989970662620131
swissroll,UMAP,umap,n_neighbors,15,0.5,framework,procrustes,0.36900172465672726
swissroll,UMAP,umap,n_neighbors,15,0.5,framework,knn_overlap,0.8225000000000001
swissroll,UMAP,umap,n_neighbors,15,0.5,framework,rv_final,0.8782272338867188
swissroll,UMAP,umap,n_neighbors,15,0.5,framework,trustworthiness,0.9983327600741865
swissroll,UMAP,umap,n_neighbors,15,0.75,framework,procrustes,0.38187035426118404
swissroll,UMAP,umap,n_neighbors,15,0.75,framework,knn_overlap,0.8077333333333333
swissroll,UMAP,umap,n_neighbors,15,0.75,framework,rv_final,0.8877706527709961
swissroll,UMAP,umap,n_neighbors,15,0.75,framework,trustworthiness,0.9959873545776429
swissroll,UMAP,umap,n_neighbors,15,1.0,framework,procrustes,0.3835555234298196
swissroll,UMAP,umap,n_neighbors,15,1.0,framework,knn_overlap,0.7857333333333334
swissroll,UMAP,umap,n_neighbors,15,1.0,framework,rv_final,0.888670027256012
swissroll,UMAP,umap,n_neighbors,15,1.0,framework,trustworthiness,0.9938344798516271
swissroll,UMAP,umap,n_neighbors,30,,reference,trustworthiness,0.998761861406171
swissroll,UMAP,umap,n_neighbors,30,0.25,framework,procrustes,0.7791953083157255
swissroll,UMAP,umap,n_neighbors,30,0.25,framework,knn_overlap,0.8033666666666668
swissroll,UMAP,umap,n_neighbors,30,0.25,framework,rv_final,0.8679882884025574
swissroll,UMAP,umap,n_neighbors,30,0.25,framework,trustworthiness,0.9995486258641039
swissroll,UMAP,umap,n_neighbors,30,0.5,framework,procrustes,0.7789071990302492
swissroll,UMAP,umap,n_neighbors,30,0.5,framework,knn_overlap,0.8089666666666667
swissroll,UMAP,umap,n_neighbors,30,0.5,framework,rv_final,0.9032918214797974
swissroll,UMAP,umap,n_neighbors,30,0.5,framework,trustworthiness,0.9994206036081605
swissroll,UMAP,umap,n_neighbors,30,0.75,framework,procrustes,0.7727500994241607
swissroll,UMAP,umap,n_neighbors,30,0.75,framework,knn_overlap,0.7982
swissroll,UMAP,umap,n_neighbors,30,0.75,framework,rv_final,0.9113838076591492
swissroll,UMAP,umap,n_neighbors,30,0.75,framework,trustworthiness,0.9986744393862755
swissroll,UMAP,umap,n_neighbors,30,1.0,framework,procrustes,0.7839544603007162
swissroll,UMAP,umap,n_neighbors,30,1.0,framework,knn_overlap,0.7816666666666667
swissroll,UMAP,umap,n_neighbors,30,1.0,framework,rv_final,0.9070851802825928
swissroll,UMAP,umap,n_neighbors,30,1.0,framework,trustworthiness,0.9976169954476479
swissroll,UMAP,umap,n_neighbors,50,,reference,trustworthiness,0.9988937447310741
swissroll,UMAP,umap,n_neighbors,50,0.25,framework,procrustes,0.8332793122008131
swissroll,UMAP,umap,n_neighbors,50,0.25,framework,knn_overlap,0.7873666666666668
swissroll,UMAP,umap,n_neighbors,50,0.25,framework,rv_final,0.8834889531135559
swissroll,UMAP,umap,n_neighbors,50,0.25,framework,trustworthiness,0.9996659248018884
swissroll,UMAP,umap,n_neighbors,50,0.5,framework,procrustes,0.8238240508312119
swissroll,UMAP,umap,n_neighbors,50,0.5,framework,knn_overlap,0.7957333333333334
swissroll,UMAP,umap,n_neighbors,50,0.5,framework,rv_final,0.9161051511764526
swissroll,UMAP,umap,n_neighbors,50,0.5,framework,trustworthiness,0.9995355083459787
swissroll,UMAP,umap,n_neighbors,50,0.75,framework,procrustes,0.8284062670101316
swissroll,UMAP,umap,n_neighbors,50,0.75,framework,knn_overlap,0.7965
swissroll,UMAP,umap,n_neighbors,50,0.75,framework,rv_final,0.9229304790496826
swissroll,UMAP,umap,n_neighbors,50,0.75,framework,trustworthiness,0.9992394031360647
swissroll,UMAP,umap,n_neighbors,50,1.0,framework,procrustes,0.8336302494102564
swissroll,UMAP,umap,n_neighbors,50,1.0,framework,knn_overlap,0.7855666666666666
swissroll,UMAP,umap,n_neighbors,50,1.0,framework,rv_final,0.9157549142837524
swissroll,UMAP,umap,n_neighbors,50,1.0,framework,trustworthiness,0.9981381891755184
swissroll,UMAP,umap,n_neighbors,100,,reference,trustworthiness,0.9986227280391166
swissroll,UMAP,umap,n_neighbors,100,0.25,framework,procrustes,0.8878316345761686
swissroll,UMAP,umap,n_neighbors,100,0.25,framework,knn_overlap,0.7675333333333333
swissroll,UMAP,umap,n_neighbors,100,0.25,framework,rv_final,0.8999850749969482
swissroll,UMAP,umap,n_neighbors,100,0.25,framework,trustworthiness,0.9997385432473445
swissroll,UMAP,umap,n_neighbors,100,0.5,framework,procrustes,0.8506371263427499
swissroll,UMAP,umap,n_neighbors,100,0.5,framework,knn_overlap,0.7827666666666666
swissroll,UMAP,umap,n_neighbors,100,0.5,framework,rv_final,0.9308940768241882
swissroll,UMAP,umap,n_neighbors,100,0.5,framework,trustworthiness,0.9997153936941494
swissroll,UMAP,umap,n_neighbors,100,0.75,framework,procrustes,0.8571552864312854
swissroll,UMAP,umap,n_neighbors,100,0.75,framework,knn_overlap,0.7846333333333334
swissroll,UMAP,umap,n_neighbors,100,0.75,framework,rv_final,0.9312652945518494
swissroll,UMAP,umap,n_neighbors,100,0.75,framework,trustworthiness,0.9982726521665823
swissroll,UMAP,umap,n_neighbors,100,1.0,framework,procrustes,0.8595454627886263
swissroll,UMAP,umap,n_neighbors,100,1.0,framework,knn_overlap,0.7749000000000001
swissroll,UMAP,umap,n_neighbors,100,1.0,framework,rv_final,0.9231082201004028
swissroll,UMAP,umap,n_neighbors,100,1.0,framework,trustworthiness,0.9992132186815039
